state,account_length,area_code,phone_number,international_plan,voice_mail_plan,number_vmail_messages,total_day_minutes,total_day_calls,total_day_charge,total_eve_minutes,total_eve_calls,total_eve_charge,total_night_minutes,total_night_calls,total_night_charge,total_intl_minutes,total_intl_calls,total_intl_charge,number_customer_service_calls,class
45,150,415,4000.0,0,0,0,300.0,120,51.0,200.0,100,17.0,220.0,110,9.9,5.0,3.0,1.35,1,1
12,80,415,2500.0,0,0,0,150.0,80,25.5,120.0,70,10.2,140.0,70,6.3,2.0,1.0,0.54,0,0
38,200,415,3500.0,1,1,30,320.0,140,54.4,310.0,120,26.35,350.0,120,15.75,12.0,6.0,3.24,2,1
5,60,415,1800.0,0,1,20,80.0,50,13.6,140.0,80,11.9,150.0,80,6.75,4.0,2.0,1.08,0,0
25,170,510,3000.0,1,0,0,280.0,110,47.6,260.0,90,22.1,300.0,90,13.5,8.0,4.0,2.16,3,1
2,40,510,1200.0,0,0,0,60.0,30,10.2,80.0,40,6.8,90.0,40,4.05,1.0,0.0,0.27,0,0
48,210,415,4200.0,0,1,25,310.0,130,52.7,300.0,110,25.5,330.0,110,14.85,10.0,5.0,2.7,4,1
18,90,415,2200.0,0,0,0,110.0,70,18.7,140.0,70,11.9,160.0,70,7.2,3.0,1.0,0.81,1,0
30,140,415,3500.0,0,0,0,330.0,140,56.1,310.0,120,26.35,340.0,120,15.3,9.0,4.0,2.43,2,1
7,50,510,1500.0,0,0,0,70.0,35,11.9,90.0,45,7.65,100.0,45,4.5,2.0,1.0,0.54,0,0
42,190,408,4100.0,0,1,35,320.0,140,54.4,300.0,120,25.5,330.0,120,14.85,11.0,5.0,2.97,3,1
15,70,415,1900.0,0,0,0,90.0,55,15.3,130.0,60,11.05,140.0,60,6.3,3.0,1.0,0.81,0,0
27,210,510,3800.0,0,0,0,340.0,150,57.8,320.0,120,27.2,350.0,120,15.75,13.0,6.0,3.51,5,0
4,30,415,1100.0,0,0,0,70.0,35,11.9,80.0,40,6.8,90.0,40,4.05,1.5,0.0,0.405,0,0
35,160,415,4600.0,0,0,0,350.0,160,59.5,330.0,130,28.05,360.0,130,16.2,14.0,7.0,3.78,6,1
10,55,510,1700.0,0,0,0,100.0,45,17.0,110.0,55,9.35,120.0,55,5.4,2.5,1.0,0.675,1,0
40,180,408,4300.0,0,1,40,330.0,150,56.1,310.0,120,26.35,340.0,120,15.3,12.0,6.0,3.24,4,1
3,25,415,900.0,0,0,0,50.0,20,8.5,70.0,25,5.95,60.0,25,2.7,0.5,0.0,0.135,0,0
22,190,510,4200.0,0,0,0,300.0,120,51.0,280.0,100,23.8,310.0,100,13.95,9.5,4.0,2.565,2,1
11,60,415,1400.0,0,0,0,90.0,50,15.3,120.0,55,10.2,140.0,55,6.3,2.0,1.0,0.54,0,0
43,200,408,4400.0,0,1,30,320.0,140,54.4,310.0,120,26.35,330.0,120,14.85,11.0,5.0,2.97,3,1
6,35,510,1300.0,0,0,0,70.0,35,11.9,90.0,45,7.65,100.0,45,4.5,1.5,0.0,0.405,0,0
38,170,415,4700.0,0,0,0,340.0,150,57.8,330.0,130,28.05,360.0,130,16.2,13.0,6.0,3.51,5,1
9,45,408,1600.0,0,0,0,80.0,40,13.6,110.0,55,9.35,120.0,55,5.4,2.5,1.0,0.675,1,0
29,210,510,4100.0,1,1,35,360.0,160,61.2,350.0,140,29.75,380.0,140,17.1,14.0,7.0,3.78,6,1
12,120,415,2500.0,0,0,0,200.3,116,34.05,180.7,90,15.36,250.4,123,11.27,12.5,5.0,3.38,1,0
35,200,510,4000.0,0,1,25,150.8,87,25.63,140.2,70,11.92,180.5,88,8.13,8.2,4.0,2.21,1,1
48,90,415,3000.0,0,0,0,250.0,145,42.5,200.0,100,17.0,300.0,147,13.5,15.0,7.0,4.05,1,0
5,150,408,3500.0,1,0,0,120.5,70,20.49,160.0,80,13.6,220.0,108,9.9,10.0,4.0,2.7,0,1
22,80,510,2800.0,0,1,12,180.2,105,30.63,190.0,95,16.15,210.0,103,9.45,9.5,4.0,2.565,1,0
30,110,415,2600.0,0,0,0,140.0,81,23.8,150.0,75,12.75,170.0,83,7.65,7.0,3.0,1.89,1,1
18,140,408,3200.0,0,0,0,220.5,128,37.49,210.0,105,17.85,240.0,118,10.8,13.0,6.0,3.51,1,0
42,170,415,4100.0,0,1,30,160.0,93,27.2,140.0,70,11.9,190.0,93,8.55,11.0,5.0,2.97,1,1
27,95,510,2900.0,0,0,0,130.0,75,22.1,170.0,85,14.45,200.0,98,9.0,6.0,3.0,1.62,1,0
8,130,408,3800.0,0,0,0,190.0,110,32.3,190.0,95,16.15,260.0,127,11.7,12.0,5.0,3.24,0,1
39,60,415,3100.0,0,0,0,210.0,122,35.7,190.0,95,16.15,230.0,113,10.35,9.0,4.0,2.43,1,0
16,140,510,4200.0,0,1,18,170.0,99,28.9,180.0,90,15.3,210.0,103,9.45,10.5,5.0,2.835,1,1
23,70,408,2700.0,0,0,0,140.0,81,23.8,160.0,80,13.6,190.0,93,8.55,8.0,3.0,2.16,1,0
45,200,415,4400.0,0,0,0,250.0,145,42.5,210.0,105,17.85,260.0,127,11.7,14.0,6.0,3.78,1,0
4,90,510,3000.0,0,1,22,190.0,110,32.3,200.0,100,17.0,220.0,108,9.9,9.0,4.0,2.43,1,0
31,120,408,3600.0,1,0,0,130.0,75,22.1,140.0,70,11.9,180.0,88,8.1,7.5,3.0,2.025,0,1
28,110,415,3300.0,0,0,0,210.0,122,35.7,190.0,95,16.15,240.0,118,10.8,12.0,5.0,3.24,1,0
6,140,510,4100.0,0,1,28,170.0,99,28.9,180.0,90,15.3,210.0,103,9.45,10.0,4.0,2.7,1,0
14,80,408,2800.0,0,0,0,140.0,81,23.8,160.0,80,13.6,190.0,93,8.55,8.0,3.0,2.16,1,0
47,160,415,4600.0,1,0,0,260.0,151,44.2,220.0,110,18.7,280.0,137,12.6,15.0,7.0,4.05,1,1
2,50,510,2000.0,0,0,0,120.0,70,20.4,140.0,70,11.9,160.0,78,7.2,6.0,3.0,1.62,1,0
38,190,415,4800.0,1,1,35,280.0,162,47.6,240.0,120,20.4,300.0,147,13.5,16.0,7.0,4.32,0,1
9,70,408,2500.0,0,0,0,140.0,81,23.8,160.0,80,13.6,190.0,93,8.55,8.0,3.0,2.16,1,0
25,140,415,4200.0,0,0,0,240.0,139,40.8,200.0,100,17.0,260.0,127,11.7,12.0,5.0,3.24,0,0
11,60,510,2600.0,0,0,0,180.0,104,30.6,170.0,85,14.45,210.0,103,9.45,9.0,4.0,2.43,1,0
12,120,415,3000.0,0,0,0,180.0,100,30.6,200.0,110,17.0,210.0,90,9.45,5.0,4.0,1.35,1,0
27,200,408,4000.0,1,1,15,250.0,120,42.5,250.0,120,21.25,260.0,110,11.7,8.0,5.0,2.16,2,1
5,80,415,1500.0,0,0,0,140.0,90,23.8,180.0,95,15.3,190.0,80,8.55,3.0,2.0,0.81,0,0
38,150,510,2500.0,0,1,20,300.0,140,51.0,280.0,130,23.8,300.0,120,13.5,10.0,6.0,2.7,3,1
22,110,415,3500.0,0,0,0,170.0,110,28.9,210.0,100,17.85,220.0,90,9.9,4.0,3.0,1.08,1,0
30,140,408,2000.0,0,0,0,190.0,115,32.3,240.0,110,20.4,260.0,100,11.7,6.0,4.0,1.62,0,1
18,90,415,1800.0,0,0,0,160.0,105,27.2,190.0,95,16.15,210.0,85,9.45,2.5,1.0,0.675,1,0
9,70,510,1200.0,1,1,12,220.0,130,37.4,260.0,120,22.1,280.0,110,12.6,7.0,5.0,1.89,2,1
44,160,415,4000.0,0,0,0,210.0,120,35.7,230.0,110,19.55,240.0,95,10.8,5.5,3.0,1.485,0,0
2,50,408,800.0,0,0,0,130.0,80,22.1,140.0,70,11.9,150.0,60,6.75,1.5,1.0,0.405,1,1
35,190,415,3500.0,0,1,18,260.0,140,44.2,270.0,130,22.95,310.0,120,13.95,9.0,6.0,2.43,4,0
16,60,510,2200.0,0,0,0,150.0,90,25.5,170.0,80,14.45,190.0,70,8.55,3.5,2.0,0.945,0,1
28,130,415,2800.0,0,0,0,190.0,110,32.3,210.0,95,17.85,230.0,90,10.35,4.0,3.0,1.08,1,0
41,140,408,3000.0,0,1,22,280.0,150,47.6,300.0,140,25.5,320.0,120,14.4,11.0,7.0,2.97,5,1
7,70,415,1200.0,0,0,0,140.0,90,23.8,170.0,80,14.45,190.0,70,8.55,2.0,1.0,0.54,0,0
19,110,510,2500.0,0,0,0,200.0,120,34.0,220.0,100,18.7,240.0,90,10.8,5.0,3.0,1.35,2,1
23,140,415,3200.0,0,1,25,260.0,140,44.2,270.0,130,22.95,310.0,120,13.95,8.0,5.0,2.16,3,0
4,90,408,1500.0,0,0,0,140.0,90,23.8,170.0,80,14.45,190.0,70,8.55,3.0,2.0,0.81,1,1
31,160,415,4000.0,0,0,0,240.0,120,40.8,260.0,120,22.1,300.0,110,13.5,6.0,4.0,1.62,0,0
190,110,510,1900.0,0,1,30,190.0,110,32.3,210.0,95,17.85,230.0,90,10.35,4.0,3.0,1.08,2,1
21,120,415,2600.0,0,0,0,170.0,110,28.9,210.0,95,17.85,220.0,90,9.9,3.0,2.0,0.81,1,0
210,140,408,2400.0,0,0,0,210.0,120,35.7,240.0,110,20.4,260.0,100,11.7,6.0,4.0,1.62,3,1
150,90,415,1500.0,0,0,0,150.0,90,25.5,170.0,80,14.45,190.0,70,8.55,2.5,1.0,0.675,0,0
12,120,415,3000.0,0,0,0,150.0,90,25.5,180.0,100,15.3,210.0,110,9.45,9.5,5.0,2.565,1,0
25,150,510,4000.0,0,1,20,200.0,120,34.0,220.0,130,18.7,240.0,140,10.8,12.0,6.0,3.24,2,1
5,80,408,2500.0,1,0,0,100.0,70,17.0,140.0,90,11.9,160.0,100,7.2,8.0,4.0,2.16,0,0
30,200,415,3500.0,0,0,0,250.0,140,42.5,260.0,150,22.1,300.0,170,13.5,15.0,8.0,4.05,3,1
18,90,510,2800.0,0,0,0,120.0,80,20.4,190.0,110,16.15,220.0,130,9.9,11.0,5.0,2.97,1,0
22,140,415,3200.0,0,1,15,180.0,110,30.6,210.0,120,17.85,250.0,140,11.25,13.0,7.0,3.51,4,1
8,60,408,2200.0,0,0,0,90.0,60,15.3,130.0,80,11.05,140.0,90,6.3,7.5,3.0,2.025,0,0
40,170,510,4500.0,0,0,0,220.0,130,37.4,240.0,140,20.4,280.0,160,12.6,14.0,9.0,3.78,2,1
15,110,415,3100.0,0,0,0,140.0,90,23.8,170.0,100,14.45,190.0,120,8.55,9.8,4.0,2.646,1,0
38,180,408,4400.0,0,1,20,240.0,140,40.8,260.0,150,22.1,280.0,160,12.6,14.0,9.0,3.78,5,1
2,50,510,1500.0,0,0,0,80.0,70,13.6,120.0,70,10.2,120.0,80,5.4,6.0,2.0,1.62,0,0
28,160,415,4200.0,0,0,0,190.0,120,32.3,230.0,140,19.55,260.0,150,11.7,12.5,6.0,3.375,3,1
10,70,408,2000.0,0,0,0,110.0,80,18.7,140.0,90,11.9,150.0,100,6.75,8.5,4.0,2.295,1,0
45,210,510,4800.0,1,1,30,300.0,170,51.0,310.0,170,26.35,350.0,190,15.75,18.0,12.0,4.86,6,1
0,40,415,1200.0,0,0,0,70.0,60,11.9,110.0,70,9.35,100.0,70,4.5,5.0,1.0,1.35,0,0
18,90,408,2600.0,0,0,0,130.0,90,22.1,150.0,100,12.75,170.0,110,7.65,9.0,3.0,2.43,2,1
12,60,510,1900.0,0,0,0,90.0,70,15.3,120.0,80,10.2,140.0,90,6.3,7.5,2.0,2.025,1,0
32,140,415,3600.0,0,0,0,210.0,120,35.7,200.0,130,17.0,240.0,140,10.8,12.0,5.0,3.24,4,1
7,55,408,2100.0,0,0,0,80.0,60,13.6,110.0,70,9.35,120.0,80,5.4,6.0,1.0,1.62,0,0
27,130,510,4100.0,0,0,0,170.0,110,28.9,190.0,120,16.15,210.0,120,9.45,10.5,4.0,2.835,3,1
20,100,415,3000.0,0,0,0,150.0,90,25.5,170.0,100,14.45,190.0,120,8.55,9.8,4.0,2.646,1,0
5,45,510,1400.0,0,0,0,70.0,50,11.9,90.0,60,7.65,80.0,50,3.6,4.5,1.0,1.215,0,0
25,110,415,3300.0,0,0,0,160.0,100,27.2,140.0,90,11.9,140.0,90,6.3,7.5,3.0,2.025,2,1
14,80,408,2500.0,0,0,0,120.0,80,20.4,150.0,100,12.75,170.0,110,7.65,9.0,3.0,2.43,1,0
10,80,415,3000.0,0,0,0,150.0,90,25.5,200.0,110,17.0,210.0,100,9.45,8.0,5.0,2.16,1,0
20,120,510,4000.0,0,1,30,170.0,95,28.9,190.0,105,16.15,180.0,90,8.1,12.0,6.0,3.24,2,1
35,150,408,2500.0,0,0,0,130.0,80,22.1,210.0,115,17.85,190.0,95,8.55,5.0,3.0,1.35,0,0
45,200,415,3500.0,1,1,40,200.0,110,34.0,220.0,120,18.7,210.0,100,9.45,15.0,7.0,4.05,3,1
5,60,510,1500.0,0,0,0,90.0,70,15.3,140.0,80,11.9,120.0,60,5.4,3.0,2.0,0.81,1,1
12,90,415,2200.0,0,1,20,160.0,100,27.2,180.0,95,15.3,170.0,85,7.65,9.0,4.0,2.43,4,1
30,110,408,2800.0,0,0,0,140.0,90,23.8,190.0,110,16.15,200.0,95,9.0,7.0,3.0,1.89,0,1
22,140,415,3100.0,0,0,0,120.0,80,20.4,160.0,90,13.6,150.0,70,6.75,4.0,2.0,1.08,2,1
18,70,510,1900.0,0,1,25,180.0,105,30.6,170.0,100,14.45,190.0,90,8.55,10.0,5.0,2.7,1,0
40,160,415,4000.0,0,0,0,210.0,120,35.7,230.0,130,19.55,220.0,110,9.9,12.0,6.0,3.24,3,1
8,50,408,1700.0,0,1,15,110.0,70,18.7,140.0,80,11.9,120.0,60,5.4,6.0,3.0,1.62,0,0
25,130,510,2600.0,0,0,0,140.0,90,23.8,190.0,110,16.15,200.0,95,9.0,8.0,4.0,2.16,2,1
15,80,415,2100.0,0,0,0,130.0,85,22.1,170.0,95,14.45,180.0,85,8.1,9.0,4.0,2.43,1,0
28,110,408,2400.0,0,1,20,150.0,95,25.5,200.0,110,17.0,210.0,100,9.45,11.0,5.0,2.97,3,1
2,40,510,1200.0,1,0,0,100.0,70,17.0,150.0,80,12.75,120.0,60,5.4,5.0,2.0,1.35,0,0
32,140,415,3300.0,0,0,0,190.0,110,32.3,210.0,120,17.85,190.0,95,8.55,10.0,5.0,2.7,4,1
18,90,408,1900.0,0,0,0,120.0,80,20.4,160.0,90,13.6,150.0,70,6.75,4.0,2.0,1.08,1,0
27,110,510,2800.0,0,1,30,170.0,100,28.9,190.0,110,16.15,200.0,95,9.0,9.0,4.0,2.43,2,1
6,70,415,1400.0,0,0,0,110.0,80,18.7,140.0,80,11.9,120.0,60,5.4,6.0,3.0,1.62,0,0
23,120,408,2600.0,0,0,0,140.0,90,23.8,190.0,110,16.15,200.0,95,9.0,8.0,4.0,2.16,3,1
19,80,510,1700.0,0,1,22,150.0,95,25.5,200.0,110,17.0,210.0,100,9.45,11.0,5.0,2.97,1,0
34,150,415,3600.0,0,0,0,200.0,120,34.0,230.0,130,19.55,220.0,110,9.9,12.0,6.0,3.24,4,1
11,60,408,1500.0,0,1,18,110.0,70,18.7,140.0,80,11.9,120.0,60,5.4,6.0,3.0,1.62,0,0
29,140,510,3100.0,0,0,0,170.0,100,28.9,190.0,110,16.15,200.0,95,9.0,9.0,4.0,2.43,2,1
4,50,415,1300.0,0,0,0,90.0,70,15.3,140.0,80,11.9,120.0,60,5.4,5.0,2.0,1.35,1,0
22,110,415,2500.0,0,0,0,180.5,80,30.69,190.0,95,16.15,210.0,73,9.45,12.0,3.0,3.24,1,1
35,150,408,4000.0,0,1,30,140.0,62,23.8,210.0,105,17.85,190.0,66,8.55,9.0,2.0,2.43,2,1
5,80,510,1800.0,1,0,0,220.0,97,37.4,160.0,80,13.6,230.0,80,10.35,11.0,3.0,2.97,3,1
48,200,415,4800.0,0,0,0,250.0,110,42.5,140.0,70,11.9,260.0,91,11.7,13.0,4.0,3.51,0,1
12,60,408,1200.0,0,0,0,100.0,44,17.0,120.0,60,10.2,150.0,52,6.75,8.0,2.0,2.16,1,1
30,140,510,3500.0,0,1,20,190.0,84,32.3,170.0,85,14.45,200.0,70,9.0,10.0,3.0,2.7,4,0
18,90,415,2200.0,0,0,0,160.0,70,27.2,190.0,95,16.15,210.0,73,9.45,9.5,2.0,2.565,2,1
42,180,408,4600.0,0,0,0,260.0,114,44.2,140.0,70,11.9,240.0,84,10.8,12.5,3.0,3.375,0,1
7,50,510,800.0,0,0,0,90.0,40,15.3,110.0,55,9.35,120.0,42,5.4,6.0,1.0,1.62,1,0
27,130,415,3100.0,0,1,25,210.0,92,35.7,160.0,80,13.6,190.0,66,8.55,9.0,2.0,2.43,3,1
4,70,408,1400.0,0,0,0,120.0,53,20.4,140.0,70,11.9,170.0,59,7.65,8.0,2.0,2.16,2,0
39,210,510,5200.0,1,0,0,280.0,123,47.6,130.0,65,11.05,260.0,91,11.7,13.0,4.0,3.51,5,0
15,95,415,1900.0,0,0,0,140.0,62,23.8,170.0,85,14.45,200.0,70,9.0,10.0,3.0,2.7,1,1
23,110,408,2600.0,0,1,15,170.0,75,28.9,150.0,75,12.75,190.0,66,8.55,9.0,2.0,2.43,4,0
31,140,510,4000.0,0,0,0,220.0,97,37.4,160.0,80,13.6,230.0,80,10.35,11.0,3.0,2.97,2,0
9,60,415,900.0,0,0,0,110.0,48,18.7,120.0,60,10.2,150.0,52,6.75,8.0,2.0,2.16,0,0
28,170,408,4700.0,0,0,0,250.0,110,42.5,140.0,70,11.9,260.0,91,11.7,13.0,4.0,3.51,1,0
2,40,510,600.0,0,0,0,80.0,35,13.6,100.0,50,8.5,120.0,42,5.4,6.0,1.0,1.62,3,0
36,190,415,5300.0,0,1,35,260.0,114,44.2,140.0,70,11.9,240.0,84,10.8,12.5,3.0,3.375,2,1
11,75,408,1300.0,0,0,0,130.0,57,22.1,140.0,70,11.9,170.0,59,7.65,8.0,2.0,2.16,0,0
24,140,510,3600.0,0,0,0,210.0,92,35.7,160.0,80,13.6,190.0,66,8.55,9.0,2.0,2.43,1,0
17,85,415,2100.0,0,0,0,150.0,66,25.5,170.0,85,14.45,200.0,70,9.0,10.0,3.0,2.7,2,1
33,200,408,5200.0,0,0,0,280.0,123,47.6,130.0,65,11.05,260.0,91,11.7,13.0,4.0,3.51,4,0
5,55,510,1100.0,0,0,0,120.0,53,20.4,140.0,70,11.9,170.0,59,7.65,8.0,2.0,2.16,0,0
38,160,415,4800.0,0,1,40,240.0,105,40.8,140.0,70,11.9,240.0,84,10.8,12.5,3.0,3.375,3,1
12,110,415,3100.0,0,0,0,150.0,80,25.65,200.0,100,17.0,210.0,110,9.45,8.0,4.0,2.16,1,0
28,190,415,4700.0,0,1,30,310.0,140,53.01,310.0,140,26.35,320.0,150,14.4,16.0,8.0,4.32,5,1
7,80,408,2100.0,0,0,0,100.0,60,17.1,150.0,80,12.75,170.0,90,7.65,5.0,2.0,1.35,0,0
35,180,510,4200.0,1,1,35,280.0,120,47.88,260.0,110,22.1,300.0,140,13.5,15.0,7.0,4.05,5,1
10,60,415,1500.0,0,0,0,80.0,50,13.68,120.0,70,10.2,140.0,80,6.3,3.0,1.0,0.81,2,0
45,220,415,4800.0,0,1,40,330.0,150,56.43,340.0,150,28.9,350.0,160,15.75,18.0,9.0,4.86,6,1
8,90,408,2100.0,0,0,0,110.0,70,18.81,140.0,80,11.9,160.0,90,7.2,4.0,2.0,1.08,1,0
32,170,510,4300.0,0,1,25,260.0,110,44.46,270.0,120,22.95,280.0,130,12.6,14.0,7.0,3.78,4,1
15,70,415,1600.0,0,0,0,90.0,55,15.39,130.0,75,11.05,150.0,85,6.75,2.0,1.0,0.54,0,0
38,190,415,4600.0,0,1,35,310.0,140,53.01,310.0,140,26.35,320.0,150,14.4,16.0,8.0,4.32,5,1
6,55,408,1400.0,0,0,0,70.0,45,12.0,110.0,65,9.35,130.0,75,5.85,3.0,1.0,0.81,1,0
33,160,510,4400.0,1,1,28,290.0,120,49.59,300.0,130,25.5,310.0,140,13.95,13.0,6.0,3.51,7,1
9,50,415,1300.0,0,0,0,60.0,40,10.26,100.0,60,8.5,120.0,70,5.4,1.0,0.0,0.27,0,0
48,210,415,4900.0,0,1,45,320.0,150,54.72,330.0,150,28.05,340.0,160,15.3,17.0,9.0,4.59,6,1
11,65,408,1550.0,0,0,0,95.0,60,16.245,140.0,80,11.9,155.0,85,6.975,2.0,1.0,0.54,1,0
31,155,510,4250.0,0,1,32,280.0,110,47.88,290.0,120,24.65,300.0,130,13.5,15.0,7.0,4.05,4,1
12,75,415,1650.0,0,0,0,85.0,55,14.535,120.0,70,10.2,140.0,80,6.3,3.0,1.0,0.81,0,0
50,220,415,4950.0,0,1,48,330.0,150,56.43,345.0,150,29.325,355.0,160,15.975,18.0,9.0,4.86,8,1
4,55,408,1450.0,0,0,0,75.0,50,12.825,110.0,60,9.35,130.0,70,5.85,2.0,1.0,0.54,1,0
29,165,510,4300.0,1,1,27,260.0,110,44.46,270.0,120,22.95,280.0,130,12.6,14.0,7.0,3.78,5,1
10,70,415,1700.0,0,0,0,95.0,60,16.245,140.0,80,11.9,155.0,85,6.975,2.0,1.0,0.54,0,0
42,190,415,4700.0,0,1,35,310.0,140,53.01,310.0,140,26.35,320.0,150,14.4,16.0,8.0,4.32,6,1
7,60,408,1500.0,0,0,0,80.0,50,13.68,120.0,70,10.2,140.0,80,6.3,3.0,1.0,0.81,1,0
33,165,510,4400.0,1,1,28,290.0,120,49.59,300.0,130,25.5,310.0,140,13.95,13.0,6.0,3.51,7,1
8,55,415,1400.0,0,0,0,70.0,45,11.97,110.0,65,9.35,130.0,75,5.85,1.0,0.0,0.27,0,0
20,90,415,2500.0,0,0,10,150.0,100,25.5,250.0,125,21.25,200.0,133,9.0,10.0,5.0,2.7,2,1
35,120,408,3000.0,0,1,20,200.0,133,34.0,180.0,90,15.3,150.0,100,6.75,8.0,4.0,2.16,4,1
10,60,510,1800.0,1,0,5,120.0,80,20.4,140.0,70,11.9,100.0,67,4.5,6.0,3.0,1.62,1,0
45,200,415,4000.0,0,1,30,260.0,160,44.2,260.0,130,22.1,220.0,147,9.9,12.0,6.0,3.24,5,0
5,30,408,1200.0,0,0,0,80.0,53,13.6,90.0,45,7.65,70.0,47,3.15,4.0,2.0,1.08,0,0
25,150,510,3500.0,0,1,15,190.0,127,32.3,200.0,100,17.0,180.0,120,8.1,9.0,4.0,2.43,3,1
12,70,415,1600.0,0,0,8,110.0,73,18.7,120.0,60,10.2,90.0,60,4.05,5.0,2.0,1.35,2,0
38,180,408,4200.0,0,0,25,250.0,160,42.5,240.0,120,20.4,210.0,140,9.45,11.0,5.0,2.97,6,1
18,90,510,2000.0,0,1,12,140.0,93,23.8,150.0,75,12.75,120.0,80,5.4,7.0,3.0,1.89,1,0
30,110,415,2600.0,0,0,18,170.0,113,28.9,190.0,95,16.15,160.0,107,7.2,9.5,4.0,2.57,4,1
22,140,408,1900.0,1,0,6,130.0,87,22.1,140.0,70,11.9,110.0,73,4.95,6.5,3.0,1.76,0,0
40,170,510,3800.0,0,1,28,220.0,147,37.4,230.0,115,19.55,190.0,127,8.55,10.0,5.0,2.7,5,1
8,50,415,1400.0,0,0,0,90.0,60,15.3,110.0,55,9.35,80.0,53,3.6,4.0,2.0,1.08,0,0
12,60,510,1500.0,0,0,5,100.0,67,17.0,120.0,60,10.2,90.0,60,4.05,5.0,2.0,1.35,1,0
47,190,415,4600.0,1,1,25,250.0,160,42.5,240.0,120,20.4,210.0,140,9.45,11.0,5.0,2.97,6,1
6,25,408,900.0,0,0,0,70.0,47,11.9,80.0,40,6.8,70.0,47,3.15,4.0,2.0,1.08,0,0
39,160,510,4200.0,0,1,27,230.0,153,39.1,210.0,105,17.85,190.0,127,8.55,10.0,5.0,2.7,4,1
20,90,415,2100.0,0,0,10,140.0,93,23.8,150.0,75,12.75,120.0,80,5.4,7.0,3.0,1.89,1,0
12,120,415,3456.0,0,0,5,155.7,90,26.49,189.1,95,16.07,203.0,100,9.14,11.5,5.0,3.11,1,0
25,150,408,2789.0,0,1,30,190.3,110,32.36,159.2,80,13.53,182.7,90,8.23,9.2,4.0,2.48,2,1
8,80,510,4123.0,1,0,2,121.1,70,20.59,119.4,60,10.15,162.4,80,7.31,13.8,6.0,3.73,0,0
40,200,415,3890.0,0,0,0,224.9,130,38.24,238.8,120,20.3,223.3,110,10.04,6.9,3.0,1.86,1,1
15,110,408,3021.0,0,1,25,164.4,95,27.95,168.5,85,14.33,182.7,90,8.23,11.5,5.0,3.11,3,0
22,90,510,4567.0,0,0,4,138.4,80,23.53,139.1,70,11.83,152.3,75,6.86,4.6,2.0,1.24,0,1
30,170,415,3124.0,0,0,0,242.2,140,41.17,219.0,110,18.62,244.2,120,10.99,9.2,4.0,2.48,1,0
18,140,408,2780.0,1,1,35,173.0,100,29.41,179.1,90,15.24,193.5,95,8.71,16.1,7.0,4.35,2,1
5,70,415,3987.0,0,0,0,103.8,60,17.67,99.5,50,8.46,111.7,55,5.03,2.3,1.0,0.62,0,0
32,190,510,3456.0,0,1,28,198.95,115,33.84,209.0,105,17.79,223.3,110,10.04,11.5,5.0,3.11,3,1
20,110,415,4123.0,0,0,0,155.7,90,26.49,138.4,80,11.78,173.5,85,7.8,4.6,2.0,1.24,1,0
27,140,408,2789.0,0,0,3,129.8,75,22.07,128.5,65,10.92,141.8,70,6.39,6.9,3.0,1.86,0,1
12,80,510,3890.0,1,0,1,112.45,65,19.13,109.5,55,9.31,122.2,60,5.51,9.2,4.0,2.48,4,0
35,160,415,4567.0,0,1,32,181.65,105,31.02,189.1,95,16.07,203.0,100,9.14,13.8,6.0,3.73,5,1
22,130,408,3124.0,0,0,0,207.6,120,35.35,219.0,110,18.62,233.45,115,10.51,6.9,3.0,1.86,0,0
28,150,510,2789.0,0,1,27,164.4,95,27.95,168.5,85,14.33,182.7,90,8.23,11.5,5.0,3.11,1,1
18,90,415,3456.0,0,0,0,147.05,85,24.99,148.5,75,12.63,162.4,80,7.31,4.6,2.0,1.24,2,0
25,140,408,2780.0,1,1,40,190.3,110,32.36,199.0,100,16.91,213.5,105,9.6,16.1,7.0,4.35,3,1
5,70,415,3987.0,0,0,0,121.1,70,20.59,119.4,60,10.15,132.2,65,5.95,2.3,1.0,0.62,0,0
30,120,510,3456.0,0,1,22,147.05,85,24.99,148.5,75,12.63,162.4,80,7.31,9.2,4.0,2.48,4,1
22,110,415,3124.0,0,0,0,164.4,95,27.95,168.5,85,14.33,182.7,90,8.23,6.9,3.0,1.86,1,0
27,140,408,2789.0,0,1,38,173.0,100,29.41,189.1,95,16.07,203.0,100,9.14,11.5,5.0,3.11,2,1
12,80,510,3890.0,1,0,0,103.8,60,17.67,99.5,50,8.46,111.7,55,5.03,4.6,2.0,1.24,5,0
35,160,415,4567.0,0,1,33,190.3,110,32.36,199.0,100,16.91,213.5,105,9.6,13.8,6.0,3.73,0,1
22,130,408,3124.0,0,0,0,207.6,120,35.35,219.0,110,18.62,233.45,115,10.51,6.9,3.0,1.86,1,0
30,120,415,3000.0,0,0,5,150.0,90,25.5,200.0,110,17.0,210.0,100,9.45,8.0,3.0,2.16,1,0
45,180,415,4000.0,0,1,12,170.0,110,28.9,190.0,100,16.15,220.0,110,9.9,9.5,4.0,2.565,2,1
10,50,510,2500.0,1,0,0,120.0,80,20.4,150.0,70,12.75,180.0,90,8.1,5.0,2.0,1.35,0,0
48,200,415,4500.0,0,0,20,200.0,120,34.0,210.0,100,17.85,240.0,120,10.8,12.0,5.0,3.24,3,1
5,30,415,1500.0,0,1,0,90.0,60,15.3,110.0,50,9.35,140.0,70,6.3,3.0,1.0,0.81,1,0
35,140,510,3500.0,1,0,8,160.0,110,27.2,190.0,100,16.15,210.0,110,9.45,10.0,3.0,2.7,4,1
22,110,415,3200.0,0,0,15,140.0,90,23.8,170.0,80,14.45,190.0,95,8.55,7.0,2.0,1.89,1,0
40,170,415,4700.0,0,1,25,180.0,110,30.6,200.0,100,17.0,230.0,120,10.35,11.0,4.0,2.97,5,1
12,60,510,2700.0,1,0,0,130.0,80,22.1,160.0,90,13.6,200.0,100,9.0,6.0,2.0,1.62,0,0
47,190,415,4800.0,0,0,30,210.0,120,35.7,220.0,110,18.7,250.0,130,11.25,13.0,5.0,3.51,6,1
8,40,415,1800.0,0,1,0,100.0,70,17.0,120.0,60,10.2,150.0,80,6.75,4.0,1.0,1.08,1,0
30,150,510,3600.0,1,0,10,170.0,110,28.9,190.0,100,16.15,210.0,110,9.45,9.0,3.0,2.43,3,1
25,90,415,2800.0,0,0,5,150.0,90,25.5,170.0,80,14.45,190.0,95,8.55,7.0,2.0,1.89,1,0
42,160,415,4600.0,0,1,20,190.0,110,32.3,210.0,100,17.85,240.0,120,10.8,12.0,5.0,3.24,4,1
15,70,510,2700.0,1,0,0,140.0,80,23.8,180.0,90,15.3,200.0,100,9.0,6.0,2.0,1.62,0,0
38,140,415,4300.0,0,0,25,200.0,110,34.0,210.0,100,17.85,240.0,120,10.8,12.0,5.0,3.24,5,1
6,35,415,1600.0,0,1,0,110.0,70,18.7,130.0,70,11.05,160.0,90,7.2,5.0,1.0,1.35,1,0
32,155,510,3800.0,1,0,12,180.0,110,30.6,200.0,100,17.0,230.0,120,10.35,11.0,4.0,2.97,6,1
20,80,415,2600.0,0,0,10,140.0,90,23.8,170.0,80,14.45,190.0,95,8.55,7.0,2.0,1.89,1,0
45,180,415,4400.0,0,1,30,210.0,120,35.7,220.0,110,18.7,250.0,130,11.25,13.0,5.0,3.51,7,1
18,75,510,2800.0,1,0,0,150.0,100,25.5,180.0,90,15.3,200.0,100,9.0,6.0,2.0,1.62,0,0
50,210,415,5000.0,0,0,35,220.0,120,37.4,230.0,110,19.55,260.0,140,11.7,14.0,6.0,3.78,8,1
9,45,415,1900.0,0,1,0,120.0,80,20.4,140.0,70,11.9,170.0,90,7.65,5.0,1.0,1.35,1,0
28,140,510,3500.0,1,0,10,170.0,110,28.9,190.0,100,16.15,210.0,110,9.45,9.0,3.0,2.43,4,1
23,95,415,3100.0,0,0,15,160.0,100,27.2,190.0,90,16.15,210.0,110,9.45,9.0,3.0,2.43,2,0
12,80,415,3000.0,0,0,0,150.0,90,25.5,190.0,95,16.15,210.0,105,9.45,12.0,5.0,3.24,1,0
35,120,408,4000.0,0,1,10,200.0,120,34.0,250.0,125,21.25,240.0,120,10.8,15.0,7.0,4.05,2,1
5,45,510,1500.0,1,1,30,100.0,60,17.0,140.0,70,11.9,180.0,90,8.1,8.0,4.0,2.16,0,1
48,200,415,4500.0,0,0,0,250.0,150,42.5,300.0,150,25.5,260.0,130,11.7,18.0,8.0,4.86,3,0
22,90,408,3500.0,0,0,5,120.0,70,20.4,170.0,85,14.45,190.0,95,8.55,10.0,5.0,2.7,1,0
30,110,415,3200.0,0,1,15,180.0,110,30.6,220.0,110,18.7,210.0,105,9.45,12.0,6.0,3.24,4,1
7,60,510,2800.0,0,0,0,140.0,90,23.8,200.0,100,17.0,230.0,115,10.35,14.0,6.0,3.78,0,0
41,150,408,4700.0,0,0,0,220.0,140,37.4,260.0,130,22.1,250.0,125,11.25,16.0,7.0,4.32,2,0
18,70,415,3300.0,0,1,20,160.0,100,27.2,210.0,105,17.85,240.0,120,10.8,13.0,6.0,3.51,5,1
25,95,510,2600.0,0,0,0,130.0,80,22.1,150.0,75,12.75,170.0,85,7.65,9.0,4.0,2.43,1,1
9,55,415,1900.0,0,0,0,110.0,70,18.7,140.0,70,11.9,160.0,80,7.2,8.0,3.0,2.16,0,1
38,140,408,4100.0,0,0,0,190.0,120,32.3,240.0,120,20.4,220.0,110,9.9,14.0,6.0,3.78,3,0
14,65,510,2100.0,1,1,25,170.0,110,28.9,230.0,115,19.55,210.0,105,9.45,11.0,5.0,2.97,2,1
27,80,415,2900.0,0,0,0,140.0,90,23.8,190.0,95,16.15,200.0,100,9.0,12.0,5.0,3.24,4,0
33,110,408,3600.0,0,0,0,210.0,140,35.7,260.0,130,22.1,240.0,120,10.8,15.0,7.0,4.05,1,1
4,30,415,1200.0,0,0,0,90.0,60,15.3,110.0,55,9.35,140.0,70,6.3,6.0,2.0,1.62,0,0
46,190,510,4800.0,0,1,35,260.0,170,44.2,310.0,155,26.35,270.0,135,12.15,18.0,9.0,4.86,6,1
19,75,415,3100.0,0,0,0,120.0,80,20.4,150.0,75,12.75,170.0,85,7.65,9.0,4.0,2.43,1,0
23,85,408,3400.0,0,0,0,140.0,90,23.8,190.0,95,16.15,200.0,100,9.0,12.0,5.0,3.24,0,0
31,115,510,2700.0,1,1,40,180.0,120,30.6,220.0,110,18.7,210.0,105,9.45,12.0,6.0,3.24,2,1
15,50,415,2200.0,0,0,0,130.0,80,22.1,150.0,75,12.75,170.0,85,7.65,9.0,4.0,2.43,3,0
42,160,408,4300.0,0,0,0,200.0,140,34.0,260.0,130,22.1,240.0,120,10.8,15.0,7.0,4.05,1,0
6,40,510,1400.0,0,0,0,100.0,70,17.0,140.0,70,11.9,180.0,90,8.1,10.0,5.0,2.7,0,1
28,130,415,3600.0,0,1,20,170.0,110,28.9,230.0,115,19.55,210.0,105,9.45,11.0,5.0,2.97,4,0
39,145,408,4200.0,0,0,0,190.0,120,32.3,240.0,120,20.4,220.0,110,9.9,14.0,6.0,3.78,2,1
35,125,415,4442.0,0,0,0,106.1,95,18.04,157.6,113,13.4,192.5,69,8.66,8.1,3.0,2.19,1,0
12,126,408,3989.0,0,1,27,186.2,78,31.65,189.6,83,16.12,76.5,139,3.44,9.6,3.0,2.59,2,1
23,120,415,3000.0,0,0,0,150.0,90,25.5,200.0,100,17.0,210.0,100,9.45,5.0,2.0,1.35,1,0
18,80,415,2500.0,0,1,15,150.0,87,25.5,180.0,90,15.3,210.0,103,9.45,8.0,3.0,2.16,1,0
35,120,510,3000.0,0,0,0,200.0,116,34.0,190.0,96,16.15,220.0,108,9.9,12.0,5.0,3.24,2,1
5,45,408,1500.0,1,1,20,170.0,98,28.9,160.0,80,13.6,190.0,94,8.55,6.0,3.0,1.62,0,0
42,200,415,4000.0,0,1,25,250.0,144,42.5,210.0,105,17.85,230.0,113,10.35,15.0,7.0,4.05,3,1
12,90,415,2200.0,0,0,0,140.0,81,23.8,170.0,86,14.45,200.0,99,9.0,9.0,4.0,2.43,1,0
28,110,510,2800.0,0,1,18,190.0,110,32.3,190.0,95,16.15,210.0,103,9.45,10.0,4.0,2.7,2,1
47,160,408,3500.0,0,0,0,220.0,127,37.4,230.0,115,19.55,240.0,118,10.8,14.0,6.0,3.78,1,0
3,30,415,1200.0,0,1,10,100.0,58,17.0,120.0,60,10.2,140.0,69,6.3,5.0,2.0,1.35,0,1
23,140,510,2600.0,0,0,0,180.0,104,30.6,200.0,101,17.0,220.0,108,9.9,11.0,5.0,2.97,2,0
39,190,415,3800.0,1,1,30,260.0,150,44.2,260.0,130,22.1,280.0,138,12.6,18.0,8.0,4.86,4,1
8,70,408,1700.0,0,0,0,130.0,75,22.1,140.0,70,11.9,150.0,74,6.75,7.0,3.0,1.89,1,0
15,110,415,3100.0,0,1,22,210.0,121,35.7,190.0,95,16.15,230.0,113,10.35,13.0,6.0,3.51,3,1
27,150,510,3300.0,0,0,0,240.0,139,40.8,220.0,110,18.7,260.0,128,11.7,16.0,7.0,4.32,2,0
6,55,415,1400.0,0,1,12,110.0,64,18.7,150.0,75,12.75,170.0,84,7.65,8.0,3.0,2.16,0,1
34,210,408,4200.0,0,0,0,280.0,162,47.6,260.0,130,22.1,300.0,148,13.5,20.0,9.0,5.4,5,0
11,95,415,1900.0,0,1,18,160.0,92,27.2,170.0,86,14.45,210.0,103,9.45,12.0,5.0,3.24,1,1
49,230,510,4600.0,1,1,35,300.0,173,51.0,280.0,140,23.8,320.0,158,14.4,22.0,10.0,5.94,6,1
2,40,415,1100.0,0,0,0,90.0,52,15.3,110.0,55,9.35,130.0,64,5.85,4.0,2.0,1.08,0,0
24,125,408,2500.0,0,1,28,190.0,110,32.3,210.0,105,17.85,240.0,118,10.8,15.0,7.0,4.05,2,1
17,80,415,2100.0,0,0,0,140.0,81,23.8,160.0,80,13.6,200.0,99,9.0,9.0,4.0,2.43,1,0
30,140,510,3200.0,0,1,20,220.0,127,37.4,240.0,120,20.4,260.0,128,11.7,18.0,8.0,4.86,3,1
9,60,415,1600.0,0,0,0,120.0,69,20.4,140.0,70,11.9,150.0,74,6.75,7.0,3.0,1.89,0,0
41,190,408,4100.0,0,1,30,260.0,150,44.2,260.0,130,22.1,280.0,138,12.6,18.0,8.0,4.86,4,1
5,35,510,1300.0,0,0,0,110.0,64,18.7,120.0,60,10.2,140.0,69,6.3,5.0,2.0,1.35,0,0
38,210,415,4300.0,0,1,25,270.0,156,45.9,270.0,136,22.95,290.0,143,13.05,20.0,9.0,5.4,5,1
18,120,415,2000.0,0,0,0,150.0,96,25.5,220.0,153,28.6,250.0,121,11.25,12.0,2.0,3.24,2,0
35,200,415,3500.0,0,1,30,260.0,165,44.2,260.0,181,26.0,300.0,145,13.5,15.0,3.0,4.05,3,1
5,50,408,1200.0,0,0,0,80.0,51,13.6,140.0,97,14.6,170.0,82,7.65,8.0,1.0,2.16,1,0
48,220,415,4000.0,1,0,0,120.0,76,20.4,190.0,132,19.8,210.0,101,9.45,10.0,2.0,2.7,0,1
12,80,510,1800.0,0,1,20,140.0,89,23.8,160.0,111,16.6,190.0,92,8.55,9.0,1.0,2.43,4,0
23,150,415,2500.0,0,0,0,200.0,127,34.0,240.0,167,25.0,260.0,125,11.7,12.0,2.0,3.24,2,1
30,110,408,2200.0,0,0,0,170.0,108,28.9,210.0,146,23.1,230.0,111,10.35,11.0,2.0,2.97,1,0
40,190,415,3000.0,0,1,25,220.0,140,37.4,250.0,174,27.5,280.0,135,12.6,13.0,2.0,3.51,3,1
8,60,510,800.0,0,0,0,90.0,57,15.3,130.0,90,14.3,150.0,73,6.75,7.0,1.0,1.89,0,0
27,170,415,3500.0,0,0,0,250.0,159,42.5,270.0,188,29.7,310.0,150,13.95,14.0,3.0,3.78,5,1
15,90,408,1900.0,0,1,15,110.0,70,18.7,140.0,97,15.4,170.0,82,7.65,8.0,1.0,2.16,2,0
38,210,415,4200.0,1,0,0,140.0,89,23.8,190.0,132,19.8,210.0,101,9.45,10.0,2.0,2.7,0,1
22,130,415,2600.0,0,0,0,160.0,102,27.2,200.0,139,22.0,240.0,116,10.8,12.0,2.0,3.24,1,0
45,240,415,4800.0,0,1,35,300.0,191,51.0,320.0,222,32.0,350.0,169,15.75,18.0,3.0,4.86,6,1
10,70,408,1400.0,0,0,0,95.0,60,16.2,140.0,97,15.4,160.0,77,7.2,9.0,1.0,2.43,0,0
32,180,415,3600.0,0,0,0,210.0,134,35.7,260.0,181,27.1,300.0,145,13.5,13.0,2.0,3.51,4,1
6,40,510,900.0,0,1,10,120.0,76,20.4,150.0,104,16.5,190.0,92,8.55,10.0,2.0,2.7,1,0
50,250,415,5000.0,0,0,0,280.0,178,47.6,350.0,244,36.5,400.0,193,16.0,20.0,4.0,5.4,7,1
14,95,408,1700.0,0,0,0,130.0,83,22.1,170.0,118,17.0,210.0,121,9.45,12.0,2.0,3.24,2,0
28,160,415,2800.0,0,1,28,190.0,121,32.3,240.0,167,26.4,280.0,135,12.6,13.0,2.0,3.51,3,1
9,55,510,1100.0,0,0,0,100.0,63,17.0,140.0,97,15.4,170.0,82,7.65,9.0,1.0,2.43,0,0
41,200,415,4200.0,0,0,0,260.0,165,44.2,280.0,194,29.1,330.0,151,14.85,15.0,3.0,4.05,5,1
3,30,408,600.0,0,0,0,70.0,45,12.0,90.0,62,19.8,110.0,53,4.95,5.0,1.0,1.35,0,0
47,230,415,4600.0,1,0,0,240.0,152,40.8,260.0,181,27.1,310.0,145,13.95,13.0,2.0,3.51,4,1
20,120,510,1900.0,0,1,18,140.0,89,23.8,160.0,104,16.6,190.0,92,8.55,10.0,2.0,2.7,1,0
12,120,415,2000.0,0,0,0,150.0,90,25.5,180.0,95,15.5,210.0,100,9.0,10.0,4.0,2.5,1,0
25,200,408,3500.0,0,1,20,220.0,110,37.4,160.0,80,13.6,190.0,95,8.5,12.0,5.0,3.0,2,1
40,50,510,1200.0,1,0,0,80.0,50,13.6,120.0,60,10.2,140.0,70,6.0,8.0,3.0,1.8,0,0
5,180,415,4000.0,0,0,0,260.0,140,44.2,190.0,110,18.0,220.0,105,9.5,11.0,6.0,3.2,3,1
30,90,408,1500.0,0,1,15,190.0,120,32.3,170.0,90,14.5,200.0,95,8.0,9.5,4.0,2.8,1,0
22,140,415,2500.0,0,0,0,210.0,110,35.7,150.0,80,12.0,210.0,100,9.0,10.5,5.0,3.0,2,1
18,70,510,800.0,1,0,0,140.0,70,23.8,120.0,55,9.5,140.0,70,6.0,7.0,3.0,1.5,0,0
45,200,415,3500.0,0,0,0,250.0,140,44.2,190.0,110,18.0,220.0,105,9.5,11.0,6.0,3.2,4,1
8,110,408,1200.0,0,1,10,170.0,100,28.9,140.0,80,12.0,190.0,90,8.0,9.0,4.0,2.7,1,0
32,150,415,2800.0,0,0,0,200.0,110,34.0,150.0,85,13.0,210.0,100,9.0,10.0,5.0,3.0,2,1
15,80,408,900.0,1,0,0,120.0,60,20.4,100.0,50,8.0,120.0,60,5.5,6.0,2.0,1.5,0,0
27,130,510,2200.0,0,1,25,230.0,120,39.1,160.0,90,14.0,210.0,100,9.0,11.0,5.0,3.0,3,1
9,60,415,600.0,0,0,0,140.0,70,23.8,120.0,55,9.5,140.0,70,6.0,7.0,3.0,1.5,0,0
40,200,408,4000.0,0,1,30,240.0,120,40.8,170.0,90,14.0,200.0,95,8.5,11.0,5.0,3.0,3,1
10,80,510,900.0,1,0,0,120.0,60,20.4,100.0,50,8.0,120.0,60,5.5,6.0,2.0,1.5,0,0
28,150,415,2800.0,0,0,0,200.0,110,34.0,150.0,85,13.0,210.0,100,9.0,10.0,5.0,3.0,2,1
22,120,408,2200.0,0,1,20,210.0,110,35.7,150.0,80,12.0,210.0,100,9.0,10.5,5.0,3.0,2,1
14,90,510,1500.0,0,0,0,170.0,90,28.9,140.0,80,12.0,190.0,90,8.0,9.0,4.0,2.7,1,0
40,200,415,4000.0,0,1,30,260.0,140,44.2,190.0,110,18.0,220.0,105,9.5,11.0,6.0,3.2,4,1
30,100,415,2500.0,0,0,0,150.0,110,25.5,200.0,90,27.0,220.0,100,9.9,12.0,5.0,3.24,2,0
45,150,408,3000.0,1,1,35,180.0,120,30.6,210.0,95,28.35,190.0,90,8.55,15.0,7.0,4.05,3,1
5,50,510,1200.0,0,0,0,110.0,80,18.7,150.0,70,20.25,140.0,70,6.3,8.0,4.0,2.16,0,0
20,120,415,3500.0,0,0,0,200.0,130,34.0,250.0,110,33.75,260.0,120,11.7,18.0,9.0,4.86,4,0
12,80,408,1800.0,0,1,25,140.0,90,23.8,170.0,80,22.95,210.0,100,9.45,10.0,5.0,2.7,1,1
38,200,415,4000.0,0,0,0,250.0,140,42.5,300.0,120,40.5,310.0,140,13.95,20.0,10.0,5.4,5,0
2,30,510,800.0,1,0,0,90.0,70,15.3,130.0,60,17.55,120.0,60,5.4,6.0,3.0,1.62,0,0
27,140,415,2600.0,0,0,0,190.0,115,32.3,220.0,105,29.7,240.0,110,10.8,14.0,6.0,3.78,2,0
33,170,408,3200.0,0,1,40,210.0,130,35.7,260.0,120,35.1,280.0,140,12.6,18.0,8.0,4.86,3,1
15,90,415,1900.0,0,0,0,160.0,100,27.2,180.0,90,24.3,200.0,90,9.0,12.0,5.0,3.24,1,1
42,190,510,4200.0,1,0,0,230.0,140,39.1,310.0,140,41.85,320.0,150,14.4,22.0,11.0,5.94,4,1
8,60,408,1400.0,0,0,0,120.0,80,20.4,140.0,70,18.9,150.0,80,6.75,9.0,4.0,2.43,0,1
23,110,415,2800.0,0,1,30,170.0,110,28.9,190.0,95,25.65,210.0,100,9.45,13.0,6.0,3.51,2,0
19,130,510,2200.0,0,0,0,140.0,90,23.8,160.0,80,21.6,180.0,90,8.1,11.0,5.0,2.97,1,1
29,190,415,3600.0,0,0,0,240.0,150,40.8,270.0,120,36.45,300.0,140,13.5,19.0,9.0,5.13,3,1
4,40,408,1000.0,1,1,45,100.0,70,17.0,120.0,60,16.2,140.0,70,6.3,7.0,3.0,1.89,0,1
36,160,415,4100.0,0,0,0,260.0,160,44.2,320.0,140,43.2,330.0,160,14.85,21.0,12.0,5.67,5,0
10,70,510,1500.0,0,0,0,130.0,90,22.1,170.0,80,22.95,190.0,100,8.55,12.0,5.0,3.24,1,1
24,140,408,2700.0,0,1,35,220.0,140,37.4,260.0,120,35.1,280.0,140,12.6,18.0,8.0,4.86,2,1
18,100,415,1900.0,0,0,0,150.0,110,25.5,200.0,90,27.0,220.0,100,9.9,12.0,5.0,3.24,3,0
30,150,415,2600.0,0,0,0,180.0,120,30.6,210.0,95,28.35,190.0,90,8.55,15.0,7.0,4.05,4,1
7,55,408,1200.0,0,0,0,110.0,80,18.7,150.0,70,20.25,140.0,70,6.3,8.0,4.0,2.16,0,0
42,190,415,3800.0,0,1,40,240.0,150,40.8,270.0,120,36.45,300.0,140,13.5,19.0,9.0,5.13,5,1
5,45,510,900.0,1,0,0,80.0,60,13.6,120.0,60,16.2,140.0,70,6.3,7.0,3.0,1.89,0,0
28,130,415,3100.0,0,0,0,210.0,140,35.7,260.0,120,35.1,280.0,140,12.6,18.0,8.0,4.86,3,0
12,90,415,2000.0,0,0,0,150.0,90,25.5,200.0,110,18.5,210.0,100,9.0,8.0,5.0,2.16,1,0
35,120,415,2500.0,0,0,0,180.0,110,30.6,220.0,120,20.8,230.0,110,9.9,9.5,6.0,2.57,0,1
22,70,408,3000.0,0,1,10,140.0,80,23.8,190.0,100,17.0,200.0,95,8.6,7.5,4.0,2.03,2,0
48,150,415,4000.0,0,0,0,210.0,120,35.6,240.0,130,21.5,250.0,120,10.8,11.0,7.0,2.97,3,1
6,50,415,1700.0,0,0,0,120.0,70,20.4,150.0,80,13.0,160.0,75,7.0,7.5,3.0,2.03,5,0
18,80,408,2200.0,0,0,0,130.0,70,22.1,170.0,90,18.0,190.0,85,8.2,8.5,4.0,2.3,6,1
42,140,415,4800.0,0,0,0,220.0,130,37.4,260.0,140,22.0,260.0,120,11.2,12.0,8.0,3.24,7,0
27,95,510,2600.0,0,0,0,160.0,100,27.2,190.0,110,18.0,210.0,95,9.1,9.0,5.0,2.43,8,1
9,60,408,1500.0,0,1,2,120.0,70,20.4,140.0,80,13.0,160.0,90,7.0,7.5,3.0,2.03,9,0
36,130,415,4200.0,0,0,0,230.0,140,39.0,270.0,150,24.0,280.0,130,12.1,13.0,9.0,3.51,0,1
15,70,415,1900.0,0,0,0,110.0,80,18.7,150.0,90,15.0,190.0,90,8.2,8.0,4.0,2.16,1,0
23,110,415,2600.0,0,1,12,170.0,100,28.9,200.0,110,19.0,210.0,100,9.0,9.5,5.0,2.56,2,1
41,140,408,3100.0,0,0,0,190.0,120,32.3,240.0,130,21.5,250.0,115,10.8,11.0,6.0,2.97,3,0
28,90,510,2800.0,0,0,0,180.0,110,30.6,220.0,120,20.8,230.0,110,9.9,9.5,6.0,2.57,4,1
32,120,408,3600.0,0,1,8,200.0,120,33.9,250.0,140,22.5,270.0,120,11.6,12.0,7.0,3.24,6,1
19,80,415,2100.0,0,0,0,140.0,90,23.8,170.0,100,18.0,190.0,90,8.2,8.5,4.0,2.3,7,0
44,140,510,4300.0,0,0,0,240.0,140,40.7,280.0,160,26.0,300.0,140,12.9,14.0,10.0,3.78,8,1
13,70,415,1900.0,0,1,5,130.0,80,22.1,150.0,90,15.0,170.0,85,8.2,8.0,4.0,2.16,9,0
27,110,408,2700.0,0,0,0,170.0,110,28.9,210.0,120,20.8,230.0,110,9.9,9.5,6.0,2.57,0,1
8,60,510,1400.0,0,0,0,110.0,70,18.7,140.0,90,15.0,190.0,90,8.2,8.0,4.0,2.16,1,0
35,130,415,3800.0,0,0,0,210.0,120,35.6,240.0,130,21.5,250.0,115,10.8,11.0,6.0,2.97,2,1
20,90,408,2000.0,0,1,10,140.0,90,23.8,170.0,100,18.0,190.0,90,8.2,8.5,4.0,2.3,3,0
46,150,510,4100.0,0,0,0,230.0,140,39.0,260.0,140,24.0,280.0,130,12.1,13.0,9.0,3.51,4,1
5,120,415,2500.0,0,0,0,150.0,90,25.5,190.0,95,16.15,210.0,105,9.45,12.0,5.0,3.24,1,0
12,200,415,4000.0,0,1,30,200.0,120,34.0,220.0,110,18.7,240.0,120,10.8,15.0,7.0,4.05,2,1
8,90,510,1500.0,1,0,0,120.0,70,20.4,160.0,80,13.6,180.0,90,8.1,10.0,4.0,2.7,0,0
20,150,415,3000.0,0,0,0,180.0,105,30.6,210.0,105,17.85,220.0,110,9.9,8.0,3.0,2.16,3,1
30,80,415,3500.0,0,1,25,140.0,80,23.8,190.0,95,16.15,200.0,100,9.0,12.0,5.0,3.24,1,0
2,110,510,2000.0,0,0,0,160.0,95,27.2,170.0,85,14.45,190.0,95,8.55,9.0,4.0,2.43,4,1
15,140,415,2500.0,0,0,0,170.0,100,28.9,200.0,100,17.0,210.0,105,9.45,11.0,5.0,2.97,2,0
25,60,408,4000.0,0,1,35,190.0,110,32.3,230.0,115,19.55,240.0,120,10.8,13.0,6.0,3.51,0,1
18,130,510,1800.0,1,0,0,110.0,65,18.7,140.0,70,11.9,150.0,75,6.75,7.0,3.0,1.89,5,0
22,100,415,3000.0,0,0,0,190.0,110,32.3,210.0,105,17.85,230.0,115,10.35,9.0,4.0,2.43,1,1
9,70,415,3500.0,0,1,28,150.0,90,25.5,180.0,90,15.3,190.0,95,8.55,10.0,4.0,2.7,3,0
27,110,510,2500.0,0,0,0,170.0,100,28.9,200.0,100,17.0,210.0,105,9.45,12.0,5.0,3.24,2,1
4,140,408,4000.0,0,1,40,210.0,120,35.7,240.0,120,20.4,250.0,125,11.25,14.0,7.0,3.78,0,0
19,90,415,3000.0,0,0,0,160.0,95,27.2,170.0,85,14.45,190.0,95,8.55,9.0,4.0,2.43,4,1
23,120,510,2000.0,1,0,0,130.0,75,22.1,150.0,75,12.75,160.0,80,7.2,8.0,3.0,2.16,1,0
6,110,415,2500.0,0,0,0,140.0,80,23.8,190.0,95,16.15,200.0,100,9.0,11.0,5.0,2.97,2,0
13,80,415,3000.0,0,1,30,180.0,105,30.6,210.0,105,17.85,220.0,110,9.9,10.0,4.0,2.7,3,1
28,140,510,4000.0,0,0,0,200.0,115,34.0,230.0,115,19.55,240.0,120,10.8,12.0,5.0,3.24,0,0
10,90,415,2500.0,0,0,0,160.0,95,27.2,170.0,85,14.45,190.0,95,8.55,9.0,4.0,2.43,1,1
16,110,408,3500.0,0,1,35,190.0,110,32.3,230.0,115,19.55,240.0,120,10.8,13.0,6.0,3.51,2,0
14,120,510,2000.0,0,0,0,140.0,80,23.8,190.0,95,16.15,200.0,100,9.0,11.0,5.0,2.97,3,1
24,130,415,3000.0,0,1,45,210.0,120,35.7,240.0,120,20.4,250.0,125,11.25,14.0,7.0,3.78,0,0
5,80,415,4000.0,0,0,0,130.0,75,22.1,150.0,75,12.75,160.0,80,7.2,8.0,3.0,2.16,4,1
18,110,510,2500.0,0,0,0,170.0,100,28.9,200.0,100,17.0,210.0,105,9.45,12.0,5.0,3.24,1,0
11,90,415,3000.0,0,1,38,190.0,110,32.3,230.0,115,19.55,240.0,120,10.8,13.0,6.0,3.51,2,1
12,150,415,3200.0,0,0,0,280.4,140,47.67,260.7,110,22.16,310.2,150,13.96,12.3,8.0,3.32,4,1
5,90,415,2100.0,0,1,20,310.5,150,52.79,180.3,95,15.33,220.8,90,9.94,5.6,4.0,1.51,2,1
30,200,510,4500.0,1,0,0,260.0,120,44.2,190.0,100,16.15,280.0,110,12.6,9.0,6.0,2.43,5,1
22,120,408,3800.0,0,0,0,295.3,140,50.2,210.5,115,17.89,260.4,120,11.72,7.2,5.0,1.94,3,1
18,140,415,3100.0,0,1,15,320.1,155,54.42,230.0,120,19.55,300.5,130,13.52,11.0,7.0,2.97,6,1
9,80,510,2600.0,0,0,0,250.0,130,42.5,170.0,90,14.45,240.0,100,10.8,6.5,3.0,1.76,1,1
27,190,415,4200.0,1,1,30,280.0,140,47.6,200.0,110,17.0,270.0,115,12.15,8.0,5.0,2.16,7,1
14,110,408,2900.0,0,0,0,310.0,150,52.7,190.0,100,16.15,280.0,110,12.6,9.5,6.0,2.57,2,1
21,160,415,3300.0,0,1,25,290.5,145,49.39,210.0,115,17.85,260.0,120,11.7,7.8,4.0,2.11,3,1
7,95,510,2800.0,0,0,0,260.0,130,44.2,180.0,100,15.33,240.0,100,10.8,6.0,3.0,1.62,0,1
19,130,415,3600.0,0,0,0,300.0,150,51.0,220.0,120,18.7,290.0,130,13.05,10.0,5.0,2.7,4,1
23,140,408,4000.0,0,1,35,280.0,140,47.6,210.0,115,17.85,260.0,120,11.7,8.5,6.0,2.3,5,1
4,70,510,1500.0,0,0,0,240.0,120,40.8,170.0,90,14.45,230.0,110,10.35,5.5,3.0,1.49,1,1
10,60,415,1200.0,0,0,0,120.5,70,20.49,90.0,50,7.65,110.0,60,4.95,3.5,2.0,0.95,0,0
35,110,408,2500.0,0,0,0,140.0,80,23.8,110.0,60,9.35,120.0,70,5.4,4.0,2.0,1.08,1,0
42,130,510,3100.0,0,0,0,130.0,75,22.1,100.0,55,8.5,115.0,65,5.18,3.8,1.0,1.03,0,0
28,90,415,1800.0,0,0,0,110.0,60,18.7,80.0,45,6.8,90.0,50,4.05,2.5,1.0,0.68,0,0
16,70,408,1400.0,0,0,0,100.0,55,17.0,70.0,40,5.95,80.0,45,3.6,2.0,0.0,0.54,0,0
39,120,510,2600.0,0,0,0,115.0,65,19.55,85.0,48,7.23,95.0,55,4.28,3.0,1.0,0.81,1,0
2,50,415,800.0,0,0,0,90.0,50,15.3,60.0,35,5.1,70.0,40,3.15,1.5,0.0,0.41,0,0
24,80,408,1700.0,0,0,0,95.0,55,16.15,75.0,40,6.38,85.0,45,3.83,2.2,1.0,0.59,0,0
31,110,415,1900.0,0,0,0,105.0,60,17.85,80.0,45,6.8,95.0,50,4.28,2.5,1.0,0.68,1,0
5,55,510,900.0,0,0,0,80.0,45,13.6,70.0,40,5.95,75.0,45,3.38,1.8,0.0,0.49,0,0
12,65,415,1100.0,0,0,0,95.0,55,16.15,80.0,45,6.8,90.0,50,4.05,2.0,1.0,0.54,0,0
18,75,408,1400.0,0,0,0,85.0,50,14.45,70.0,40,5.95,80.0,45,3.6,1.5,0.0,0.41,0,0
12,110,415,3000.0,0,0,0,200.0,100,34.0,250.0,110,21.25,220.0,120,9.9,10.0,4.0,2.7,2,0
35,150,415,2500.0,1,1,30,250.0,120,42.5,300.0,140,25.5,260.0,130,11.7,12.0,5.0,3.24,3,1
8,90,415,4000.0,0,1,25,180.0,90,30.6,220.0,110,18.7,200.0,110,9.0,8.0,3.0,2.16,1,0
20,70,415,1500.0,0,0,0,150.0,80,25.5,180.0,90,15.3,170.0,100,7.65,6.0,2.0,1.62,0,0
30,120,408,2000.0,0,0,0,220.0,110,37.4,260.0,120,22.1,240.0,140,10.8,9.0,3.0,2.43,4,1
5,50,510,3500.0,0,0,0,130.0,70,22.1,140.0,80,11.9,150.0,90,6.75,5.0,1.0,1.35,2,0
40,200,415,1800.0,1,0,20,190.0,100,32.3,210.0,110,17.85,230.0,120,10.35,11.0,4.0,2.97,5,1
15,80,415,2600.0,0,1,28,170.0,90,28.9,190.0,100,16.15,210.0,110,9.45,7.0,2.0,1.89,3,0
22,60,415,1200.0,0,0,0,140.0,70,23.8,160.0,80,13.6,300.0,150,13.5,8.0,3.0,2.16,6,1
48,180,415,2200.0,1,0,18,210.0,110,35.7,240.0,120,20.4,250.0,130,11.25,9.5,4.0,2.565,4,1
18,95,415,3100.0,0,1,32,190.0,100,32.3,200.0,110,17.0,220.0,120,9.9,8.0,3.0,2.16,2,0
28,140,415,1700.0,0,0,0,260.0,140,44.2,280.0,130,23.8,260.0,140,11.7,10.0,5.0,2.7,1,1
12,70,408,1900.0,0,1,20,150.0,80,25.5,170.0,90,14.45,190.0,100,8.55,6.0,2.0,1.62,0,0
38,160,510,2400.0,1,1,35,200.0,110,34.0,210.0,120,17.85,220.0,120,9.9,9.0,3.0,2.43,3,1
25,110,415,1300.0,0,0,0,140.0,70,23.8,160.0,80,13.6,200.0,110,9.0,15.0,6.0,4.05,5,0
42,190,415,2100.0,1,0,15,180.0,100,30.6,200.0,110,17.0,240.0,130,10.8,12.0,4.0,3.24,4,1
9,55,415,2800.0,0,1,22,160.0,90,27.2,190.0,100,16.15,210.0,110,9.45,7.0,2.0,1.89,1,0
14,80,415,1600.0,0,0,0,240.0,130,40.8,260.0,120,22.1,250.0,120,11.25,9.0,3.0,2.43,0,1
27,140,408,1900.0,1,0,18,170.0,90,28.9,210.0,110,17.85,230.0,120,10.35,8.0,2.0,2.16,2,1
6,45,510,1400.0,0,0,0,130.0,70,22.1,140.0,80,11.9,150.0,90,6.75,5.0,1.0,1.35,3,0
11,70,510,2600.0,0,1,24,150.0,80,25.5,170.0,90,14.45,190.0,100,8.55,6.0,2.0,1.62,1,0
30,170,415,2300.0,1,1,40,190.0,110,32.3,210.0,120,17.85,240.0,130,10.8,11.0,4.0,2.97,4,1
19,90,415,1500.0,0,0,0,170.0,90,28.9,190.0,100,16.15,210.0,110,9.45,7.0,2.0,1.89,0,0
23,120,408,1800.0,0,0,0,160.0,90,27.2,180.0,100,15.3,200.0,110,9.0,6.0,2.0,1.62,2,0
41,155,510,2100.0,1,0,12,180.0,100,30.6,200.0,110,17.0,240.0,130,10.8,12.0,4.0,3.24,5,1
12,110,415,2500.0,0,0,0,180.0,100,30.6,200.0,110,17.0,210.0,100,9.45,12.0,5.0,3.24,1,0
45,150,408,4000.0,0,1,25,160.0,90,27.2,190.0,95,16.15,210.0,95,8.55,8.0,3.0,2.16,2,1
5,80,510,1200.0,0,0,0,140.0,70,23.8,170.0,80,14.45,170.0,80,7.65,5.0,2.0,1.35,0,0
30,200,415,3500.0,1,0,0,200.0,120,34.0,220.0,110,18.7,220.0,110,9.9,15.0,10.0,4.05,3,1
22,60,408,1800.0,0,1,15,170.0,80,28.9,190.0,100,16.15,190.0,100,8.55,9.0,4.0,2.43,4,0
48,140,510,2600.0,0,0,0,190.0,110,32.3,210.0,120,17.85,210.0,120,9.45,11.0,6.0,2.97,5,1
3,30,415,800.0,0,0,0,120.0,60,20.4,140.0,70,11.9,140.0,70,6.3,4.0,1.0,1.08,0,0
27,170,408,3100.0,0,1,20,210.0,130,35.7,230.0,120,19.55,230.0,120,10.35,13.0,7.0,3.51,5,1
18,90,510,1500.0,0,0,0,150.0,90,25.5,160.0,80,13.6,160.0,90,7.2,7.0,3.0,1.89,2,0
35,210,415,4000.0,1,0,0,220.0,140,37.4,240.0,120,20.4,240.0,120,10.8,16.0,12.0,4.32,6,1
8,50,408,1100.0,0,0,0,130.0,70,22.1,150.0,80,12.75,150.0,80,6.75,6.0,2.0,1.62,0,0
42,190,510,3600.0,0,0,0,240.0,150,40.8,260.0,140,22.1,260.0,140,11.7,18.0,15.0,4.86,7,1
15,70,415,900.0,0,0,0,110.0,60,18.7,130.0,70,11.05,130.0,70,5.85,5.0,1.0,1.35,1,0
28,140,408,2800.0,0,0,0,190.0,120,32.3,210.0,110,17.85,210.0,110,9.45,12.0,6.0,3.24,3,0
6,40,510,700.0,0,0,0,140.0,70,23.8,170.0,80,14.45,170.0,80,7.65,5.0,2.0,1.35,0,0
33,120,415,2200.0,0,0,0,160.0,90,27.2,190.0,95,16.15,190.0,95,8.55,9.0,4.0,2.43,2,1
19,110,408,1900.0,0,1,12,170.0,80,28.9,200.0,100,17.0,200.0,100,9.0,10.0,5.0,2.7,4,0
41,160,510,3300.0,0,0,0,210.0,130,35.7,240.0,120,20.4,240.0,120,10.8,14.0,8.0,3.78,5,1
2,25,415,500.0,0,0,0,90.0,40,15.3,110.0,50,9.35,110.0,50,4.95,3.0,1.0,0.81,0,0
47,180,408,2900.0,0,1,22,200.0,110,34.0,220.0,110,18.7,220.0,110,9.9,13.0,7.0,3.51,6,1
14,90,510,1200.0,0,0,0,140.0,70,23.8,170.0,80,14.45,170.0,80,7.65,5.0,2.0,1.35,1,0
25,130,415,2500.0,0,1,28,190.0,120,32.3,210.0,110,17.85,210.0,110,9.45,12.0,6.0,3.24,3,1
9,55,408,1400.0,0,0,0,150.0,90,25.5,160.0,90,13.6,160.0,90,7.2,7.0,3.0,1.89,2,0
31,140,510,2600.0,0,0,0,170.0,100,28.9,190.0,100,16.15,190.0,100,8.55,9.0,4.0,2.43,4,1
20,120,415,2000.0,0,1,30,180.0,110,30.6,210.0,110,17.85,210.0,110,9.45,11.0,5.0,2.97,5,0
12,80,415,2500.0,0,0,0,150.0,90,25.5,200.0,100,17.0,210.0,110,9.45,8.0,4.0,2.16,1,0
27,150,408,3000.0,0,1,20,180.0,110,30.6,250.0,120,21.25,190.0,90,8.55,12.0,6.0,3.24,1,1
5,45,415,1800.0,0,0,0,120.0,80,20.4,150.0,70,12.75,140.0,70,6.3,5.0,2.0,1.35,1,0
38,200,510,4000.0,1,0,0,220.0,130,37.4,300.0,140,25.5,250.0,120,11.25,15.0,8.0,4.05,1,1
22,90,415,2000.0,0,1,30,160.0,95,27.2,180.0,90,15.3,170.0,80,7.65,9.0,3.0,2.43,1,0
30,120,408,3500.0,0,0,0,140.0,70,23.8,220.0,110,18.7,200.0,100,9.0,7.0,2.0,1.89,1,1
45,180,510,2500.0,0,0,0,190.0,100,32.3,260.0,120,22.1,230.0,110,10.35,11.0,5.0,2.97,1,0
18,60,415,1200.0,0,1,25,130.0,85,22.1,190.0,95,16.15,210.0,90,9.45,6.0,1.0,1.62,1,1
9,30,408,800.0,0,0,0,110.0,60,18.7,140.0,70,11.9,120.0,70,5.4,4.0,1.0,1.08,1,0
25,140,510,3000.0,0,0,0,210.0,120,35.7,280.0,130,23.8,240.0,110,10.8,13.0,7.0,3.51,1,1
40,170,415,2200.0,0,1,35,170.0,90,28.9,190.0,80,16.15,180.0,80,8.1,9.0,4.0,2.43,1,0
14,70,408,1800.0,0,0,0,140.0,80,23.8,210.0,100,17.85,190.0,90,8.55,7.0,2.0,1.89,1,1
35,110,510,2600.0,0,0,0,160.0,95,27.2,170.0,85,14.45,150.0,70,6.75,5.0,1.0,1.35,1,0
2,25,415,500.0,0,1,10,90.0,50,15.3,120.0,60,10.2,80.0,40,3.6,3.0,0.0,0.81,1,1
48,210,415,4000.0,0,0,0,250.0,110,42.5,300.0,120,25.5,260.0,120,11.7,12.0,6.0,3.24,1,0
7,40,408,1500.0,0,0,0,130.0,70,22.1,160.0,80,13.6,140.0,70,6.3,4.0,1.0,1.08,1,1
31,130,415,2800.0,0,1,40,180.0,100,30.6,200.0,90,17.0,190.0,90,8.55,10.0,5.0,2.7,1,0
23,95,510,2200.0,1,0,0,210.0,110,35.7,250.0,120,21.25,240.0,110,10.8,14.0,7.0,3.78,1,1
16,55,408,1700.0,0,0,0,140.0,80,23.8,190.0,90,16.15,170.0,90,7.65,9.0,3.0,2.43,1,0
28,140,415,3100.0,0,0,0,190.0,100,32.3,260.0,110,22.1,210.0,100,9.45,11.0,4.0,2.97,1,1
11,70,510,1900.0,0,1,15,160.0,90,27.2,210.0,95,17.85,190.0,90,8.55,8.0,2.0,2.16,1,0
39,160,408,2600.0,0,0,0,170.0,95,28.9,190.0,90,16.15,160.0,80,7.2,6.0,1.0,1.62,1,1
24,90,415,2100.0,0,0,0,140.0,80,23.8,180.0,90,15.3,170.0,90,7.65,9.0,3.0,2.43,1,0
5,35,510,800.0,0,0,0,110.0,60,18.7,140.0,70,11.9,120.0,70,5.4,4.0,1.0,1.08,1,1
42,200,408,3500.0,0,0,0,200.0,100,34.0,240.0,110,20.4,190.0,90,8.55,10.0,4.0,2.7,1,0
5,110,415,2500.0,0,0,0,200.0,90,34.0,220.0,100,18.7,210.0,95,9.45,10.0,3.0,2.7,2,0
12,140,415,3000.0,0,1,30,150.0,80,25.5,180.0,90,15.3,180.0,85,8.1,8.0,2.0,2.16,1,1
20,200,408,4000.0,0,0,0,250.0,110,42.5,250.0,120,21.25,200.0,100,9.0,12.0,4.0,3.24,3,1
30,90,510,3500.0,1,1,35,180.0,70,30.6,190.0,80,16.15,140.0,70,6.3,9.0,3.0,2.43,0,1
2,60,415,1500.0,0,0,0,120.0,60,20.4,140.0,70,11.9,100.0,50,4.5,5.0,1.0,1.35,4,1
18,170,408,2800.0,0,1,28,220.0,90,37.4,210.0,95,17.85,190.0,90,8.55,11.0,3.0,2.97,2,1
25,130,510,2600.0,0,0,0,140.0,70,23.8,160.0,80,13.6,120.0,60,5.4,6.0,2.0,1.62,1,0
7,110,415,3200.0,1,1,40,260.0,100,44.2,240.0,110,20.4,220.0,110,9.9,13.0,4.0,3.51,0,1
14,95,408,1800.0,0,0,0,100.0,50,17.0,120.0,60,10.2,80.0,40,3.6,4.0,1.0,1.08,5,0
22,210,510,4100.0,0,1,30,300.0,120,51.0,260.0,110,22.1,240.0,120,10.8,15.0,5.0,4.05,3,0
9,80,415,1900.0,0,0,0,130.0,70,22.1,140.0,70,11.9,110.0,55,4.95,7.0,2.0,1.89,2,0
16,140,408,2200.0,1,1,35,170.0,80,28.9,190.0,90,16.15,150.0,80,6.75,9.0,3.0,2.43,1,1
4,110,510,2100.0,0,0,0,160.0,80,27.2,170.0,80,14.45,130.0,70,5.85,8.0,2.0,2.16,0,0
28,190,415,3300.0,0,1,32,240.0,110,40.8,210.0,100,17.85,190.0,90,8.55,11.0,4.0,2.97,3,0
6,70,408,1400.0,0,0,0,110.0,60,18.7,140.0,70,11.9,100.0,50,4.5,5.0,1.0,1.35,4,0
19,150,510,2700.0,0,1,30,190.0,90,32.3,200.0,90,17.0,170.0,80,7.65,10.0,3.0,2.7,2,1
3,120,415,2300.0,1,1,35,260.0,110,44.2,240.0,110,20.4,220.0,110,9.9,13.0,4.0,3.51,0,1
15,100,408,1900.0,0,0,0,120.0,70,20.4,140.0,70,11.9,100.0,50,4.5,5.0,1.0,1.35,5,0
23,160,510,3100.0,0,1,32,280.0,120,47.6,260.0,110,22.1,240.0,120,10.8,15.0,5.0,4.05,3,0
1,130,415,1700.0,0,0,0,140.0,70,23.8,160.0,80,13.6,120.0,60,5.4,6.0,2.0,1.62,1,0
27,140,408,2600.0,0,1,30,200.0,90,34.0,190.0,90,16.15,150.0,80,6.75,9.0,3.0,2.43,2,0
10,110,510,1900.0,0,0,0,130.0,70,22.1,140.0,70,11.9,110.0,55,4.95,7.0,2.0,1.89,3,0
5,140,415,2100.0,0,1,30,170.0,80,28.9,190.0,90,16.15,150.0,80,6.75,9.0,3.0,2.43,1,1
13,120,408,2400.0,0,0,0,150.0,80,25.5,170.0,80,14.45,130.0,70,5.85,8.0,2.0,2.16,0,0
8,90,510,1600.0,1,1,35,190.0,90,32.3,200.0,90,17.0,170.0,80,7.65,10.0,3.0,2.7,2,1
0,50,415,2000.0,0,0,0,200.0,90,34.0,200.0,80,17.0,200.0,90,9.0,10.0,1.0,2.7,1,0
5,80,415,3000.0,1,0,0,250.0,110,42.5,250.0,100,21.25,250.0,110,11.25,12.0,2.0,3.24,2,1
10,120,415,1500.0,0,1,10,150.0,70,25.5,150.0,70,12.75,150.0,70,6.75,8.0,3.0,2.16,3,0
15,150,415,2500.0,0,0,0,300.0,120,51.0,300.0,120,25.5,300.0,120,13.5,15.0,4.0,4.05,4,1
20,180,415,1800.0,0,1,15,180.0,80,30.6,180.0,80,15.3,180.0,80,8.1,9.0,5.0,2.43,5,0
25,210,415,2200.0,0,0,0,220.0,100,37.4,220.0,100,18.7,220.0,100,9.9,11.0,6.0,2.97,6,1
30,230,415,2600.0,0,1,20,260.0,110,44.2,260.0,110,22.1,260.0,110,11.7,13.0,7.0,3.51,7,0
35,240,415,2800.0,0,0,0,280.0,120,47.6,280.0,120,23.8,280.0,120,12.6,14.0,8.0,3.78,8,1
40,250,415,3000.0,0,1,25,300.0,130,51.0,300.0,130,25.5,300.0,130,13.5,15.0,9.0,4.05,9,0
45,260,415,3200.0,0,0,0,320.0,140,54.4,320.0,140,27.2,320.0,140,14.4,18.0,10.0,4.86,0,1
50,270,415,3300.0,0,1,30,330.0,150,56.1,330.0,150,28.05,330.0,150,14.85,19.0,11.0,5.13,1,0
0,280,415,3600.0,1,0,0,330.0,150,56.1,330.0,150,28.05,330.0,150,14.85,19.0,12.0,5.13,2,1
5,290,415,3800.0,0,1,35,330.0,150,56.1,330.0,150,28.05,330.0,150,14.85,19.0,13.0,5.13,3,0
10,60,408,4000.0,0,0,0,330.0,150,56.1,330.0,150,28.05,330.0,150,14.85,19.0,14.0,5.13,4,0
15,70,408,4200.0,0,1,40,330.0,150,56.1,330.0,150,28.05,330.0,150,14.85,19.0,15.0,5.13,5,1
20,80,408,4400.0,0,0,0,330.0,150,56.1,330.0,150,28.05,330.0,150,14.85,19.0,16.0,5.13,6,0
25,90,408,4600.0,0,1,45,330.0,150,56.1,330.0,150,28.05,330.0,150,14.85,19.0,16.0,5.13,7,0
30,100,408,4800.0,0,0,0,330.0,150,56.1,330.0,150,28.05,330.0,150,14.85,19.0,16.0,5.13,8,1
35,110,510,4995.0,0,0,0,330.0,150,56.1,330.0,150,28.05,330.0,150,14.85,19.0,16.0,5.13,9,0
40,120,510,4995.0,1,0,0,330.0,150,56.1,330.0,150,28.05,330.0,150,14.85,19.0,16.0,5.13,0,1
45,130,510,4995.0,0,1,50,330.0,150,56.1,330.0,150,28.05,330.0,150,14.85,19.0,16.0,5.13,1,0
50,140,510,4995.0,0,0,0,330.0,150,56.1,330.0,150,28.05,330.0,150,14.85,19.0,16.0,5.13,2,1
0,150,510,4995.0,0,0,0,330.0,150,56.1,330.0,150,28.05,330.0,150,14.85,19.0,16.0,5.13,3,0
5,160,510,4995.0,0,0,0,330.0,150,56.1,330.0,150,28.05,330.0,150,14.85,19.0,16.0,5.13,4,1
10,170,510,4995.0,0,0,0,330.0,150,56.1,330.0,150,28.05,330.0,150,14.85,19.0,16.0,5.13,5,0
12,90,415,2500.0,0,0,0,170.0,100,28.8,200.0,100,17.0,200.0,100,9.0,10.0,5.0,2.7,1,0
35,120,408,3000.0,0,1,20,150.0,90,25.5,180.0,95,15.0,180.0,90,7.5,8.0,4.0,2.2,2,1
5,70,510,4000.0,1,0,30,200.0,110,34.0,220.0,110,20.0,220.0,110,10.0,12.0,6.0,3.0,0,0
48,150,415,3500.0,0,0,0,250.0,120,42.0,140.0,80,12.0,190.0,100,8.0,11.0,3.0,2.5,3,1
22,90,415,2000.0,0,1,15,160.0,95,27.0,210.0,105,18.0,210.0,105,9.0,9.0,4.0,2.0,4,0
30,110,510,2800.0,0,0,5,140.0,85,23.8,190.0,90,14.0,170.0,90,7.0,7.0,3.0,1.9,5,1
45,200,415,4500.0,0,0,0,300.0,140,50.0,160.0,70,11.0,160.0,80,6.0,10.0,2.0,2.3,6,0
18,60,408,1500.0,1,1,25,130.0,80,22.0,170.0,85,13.0,150.0,85,7.0,6.0,2.0,1.8,7,1
9,40,415,1200.0,0,0,0,110.0,70,18.6,190.0,95,16.0,190.0,95,9.0,8.0,4.0,2.1,8,0
27,130,510,3200.0,0,1,10,190.0,100,32.0,210.0,110,19.0,210.0,110,10.0,9.0,5.0,2.4,9,1
40,140,415,4000.0,0,0,0,260.0,130,44.0,140.0,80,12.0,190.0,100,8.0,11.0,3.0,2.5,0,1
15,80,408,1800.0,0,1,12,140.0,90,24.0,200.0,100,17.0,200.0,100,9.0,10.0,4.0,2.0,1,1
3,50,415,1000.0,1,0,5,120.0,80,20.0,190.0,90,15.0,190.0,90,8.0,9.0,3.0,1.8,2,0
36,160,408,3500.0,0,0,0,260.0,130,44.0,140.0,80,12.0,190.0,100,8.0,11.0,3.0,2.5,3,1
19,95,510,2800.0,0,1,12,150.0,90,25.5,180.0,95,15.0,180.0,90,7.5,8.0,4.0,2.2,4,0
14,80,415,1700.0,1,0,10,140.0,90,24.0,200.0,100,17.0,200.0,100,9.0,10.0,4.0,2.0,0,0
41,190,510,4200.0,0,0,0,270.0,120,45.0,150.0,70,11.0,150.0,80,6.0,9.0,2.0,2.3,1,1
2,30,415,800.0,1,1,5,100.0,70,17.0,190.0,95,16.0,190.0,95,9.0,8.0,4.0,2.1,2,0
12,120,415,2500.0,0,0,0,150.0,110,25.5,200.0,90,17.0,250.0,100,11.25,10.0,5.0,2.7,1,0
35,180,415,4000.0,0,1,20,200.0,140,34.0,250.0,130,21.25,300.0,120,13.5,15.0,8.0,4.05,2,1
5,70,415,1500.0,1,0,5,120.0,90,20.4,200.0,110,17.0,190.0,95,8.55,6.0,3.0,1.62,1,1
42,200,510,3500.0,0,0,0,250.0,150,42.5,260.0,140,22.1,280.0,140,12.6,18.0,10.0,4.86,3,1
28,90,415,2000.0,0,1,30,180.0,110,30.6,220.0,110,18.7,240.0,120,10.8,9.0,4.0,2.43,1,1
47,150,415,3000.0,0,0,0,140.0,100,23.8,190.0,95,16.15,210.0,105,9.45,5.0,3.0,1.35,4,1
9,70,510,1200.0,0,0,0,160.0,120,27.2,210.0,105,17.85,230.0,115,10.35,7.0,2.0,1.89,0,1
23,140,415,2800.0,0,1,35,210.0,140,35.7,250.0,125,21.25,260.0,130,11.7,14.0,7.0,3.78,3,1
34,60,415,1700.0,0,0,0,120.0,90,20.4,180.0,100,15.3,200.0,100,9.0,7.0,3.0,1.89,1,0
44,190,510,3600.0,0,0,0,240.0,150,40.8,260.0,130,22.1,280.0,140,12.6,15.0,8.0,4.05,0,1
8,70,415,1900.0,0,0,0,130.0,90,22.1,190.0,95,16.15,210.0,105,9.45,6.0,3.0,1.62,2,0
16,110,408,2100.0,0,1,12,140.0,100,23.8,200.0,110,17.0,190.0,95,8.55,5.0,2.0,1.35,4,0
39,140,510,3000.0,0,0,0,170.0,115,28.9,230.0,110,19.55,200.0,100,9.0,10.0,4.0,2.7,1,1
21,90,415,2500.0,0,0,0,150.0,120,25.5,190.0,95,16.15,210.0,105,9.45,8.0,3.0,2.16,3,0
14,120,408,2200.0,0,1,18,160.0,110,27.2,210.0,105,17.85,230.0,115,10.35,9.0,5.0,2.43,0,0
26,140,510,2800.0,0,0,0,190.0,120,32.3,240.0,120,20.4,260.0,130,11.7,12.0,6.0,3.24,2,1
12,80,415,3000.0,0,0,0,150.0,90,25.5,180.0,95,15.3,190.0,100,8.55,8.0,3.0,2.16,1,0
35,150,408,4000.0,0,1,20,250.0,120,42.5,260.0,110,22.1,280.0,130,12.6,12.0,5.0,3.24,4,1
5,60,510,1500.0,0,0,0,200.0,70,34.0,250.0,80,21.25,260.0,90,11.7,6.0,2.0,1.62,2,1
48,200,415,4800.0,1,1,30,310.0,140,52.7,320.0,130,27.2,350.0,150,15.75,15.0,8.0,4.05,5,1
22,90,408,2500.0,0,0,0,220.0,95,37.4,260.0,100,22.1,280.0,110,12.6,9.0,4.0,2.43,2,1
30,120,415,3200.0,0,0,0,210.0,80,35.7,240.0,85,20.4,260.0,95,11.7,6.0,3.0,1.62,3,1
40,180,510,4200.0,0,1,25,280.0,120,47.6,300.0,115,25.5,330.0,140,14.85,14.0,6.0,3.78,6,1
15,70,408,1800.0,0,0,0,190.0,75,32.3,220.0,70,18.7,240.0,80,10.8,4.0,2.0,1.08,3,1
8,50,415,1400.0,0,0,0,170.0,60,28.9,210.0,60,17.85,250.0,70,11.25,3.0,1.0,0.81,1,1
25,110,510,2600.0,0,0,0,190.0,90,32.3,230.0,90,19.55,270.0,100,12.15,7.0,3.0,1.89,2,1
18,95,408,2100.0,0,0,0,210.0,80,35.7,240.0,80,20.4,260.0,90,11.7,5.0,2.0,1.35,3,1
45,210,415,4700.0,1,1,35,320.0,140,54.4,310.0,120,26.35,340.0,140,15.3,16.0,7.0,4.32,7,1
12,60,510,1900.0,0,0,0,120.0,70,20.4,130.0,75,11.05,140.0,80,6.3,4.0,2.0,1.08,0,0
6,40,408,1200.0,0,0,0,80.0,50,13.6,100.0,60,8.5,110.0,70,4.95,3.0,1.0,0.81,1,0
20,80,415,2300.0,0,0,0,140.0,80,23.8,150.0,85,12.75,170.0,95,7.65,6.0,3.0,1.62,2,0
14,70,510,1600.0,0,0,0,110.0,70,18.7,120.0,70,10.2,130.0,80,5.85,4.0,2.0,1.08,0,0
9,55,415,1700.0,0,0,0,100.0,60,17.0,110.0,60,9.35,120.0,70,5.4,3.0,1.0,0.81,1,0
27,140,408,2800.0,0,0,0,180.0,100,30.6,200.0,100,17.0,210.0,110,9.45,9.0,4.0,2.43,3,0
11,65,510,1900.0,0,0,0,120.0,70,20.4,130.0,75,11.05,140.0,80,6.3,4.0,2.0,1.08,0,0
5,35,408,1100.0,0,0,0,70.0,45,11.9,90.0,55,7.65,100.0,65,4.5,2.5,1.0,0.675,0,0
23,100,415,2500.0,0,0,0,150.0,90,25.5,160.0,85,13.6,170.0,95,7.65,6.0,3.0,1.62,2,0
19,75,510,2100.0,0,0,0,130.0,80,22.1,140.0,80,11.9,150.0,90,6.75,5.0,2.0,1.35,3,0
7,45,408,1200.0,0,0,0,80.0,50,13.6,100.0,60,8.5,110.0,70,4.95,3.0,1.0,0.81,1,0
13,55,415,1900.0,0,0,0,120.0,70,20.4,130.0,75,11.05,140.0,80,6.3,4.0,2.0,1.08,0,0
4,30,510,1400.0,0,0,0,90.0,60,15.3,110.0,60,9.35,120.0,70,5.4,3.0,1.0,0.81,1,0
30,120,415,3000.0,0,0,0,200.0,100,34.0,210.0,95,17.85,250.0,110,11.25,12.0,4.0,3.24,2,0
5,80,408,2500.0,0,0,0,150.0,80,25.5,180.0,85,15.3,190.0,95,8.55,8.0,3.0,2.16,1,0
45,200,510,4000.0,0,0,0,250.0,110,42.5,220.0,100,18.7,260.0,120,11.7,15.0,5.0,4.05,3,1
12,60,415,1800.0,1,0,0,120.0,70,20.4,140.0,70,11.9,150.0,80,6.75,5.0,2.0,1.35,0,0
22,140,408,3500.0,0,1,25,180.0,90,30.6,190.0,90,16.15,210.0,100,9.45,10.0,4.0,2.7,2,1
38,110,415,2600.0,0,0,0,220.0,105,37.4,230.0,110,19.55,240.0,115,10.8,12.0,5.0,3.24,1,1
3,50,510,1500.0,0,0,0,140.0,80,23.8,160.0,80,13.6,170.0,90,7.65,7.0,3.0,1.89,0,1
28,90,415,3000.0,0,1,18,190.0,95,32.3,210.0,100,17.85,230.0,110,10.35,9.0,4.0,2.43,4,0
17,70,408,2200.0,0,0,0,160.0,85,27.2,190.0,90,16.15,200.0,95,9.0,8.0,3.0,2.16,1,1
33,150,510,3500.0,0,0,0,260.0,120,44.2,240.0,115,20.4,270.0,130,12.15,14.0,6.0,3.78,2,1
9,40,415,1900.0,1,0,0,110.0,65,18.7,130.0,70,11.05,140.0,70,6.3,4.0,1.0,1.08,0,1
27,110,408,2800.0,0,1,20,170.0,85,28.9,190.0,90,16.15,210.0,100,9.45,9.0,4.0,2.43,3,1
14,60,510,2100.0,0,0,0,140.0,80,23.8,160.0,80,13.6,170.0,90,7.65,7.0,3.0,1.89,0,0
36,130,415,3300.0,0,1,22,190.0,95,32.3,210.0,100,17.85,230.0,110,10.35,9.0,4.0,2.43,1,1
2,20,408,1200.0,0,0,0,100.0,60,17.0,120.0,70,10.2,140.0,70,6.3,5.0,2.0,1.35,0,0
40,190,510,4000.0,0,0,0,280.0,130,47.6,260.0,120,22.1,290.0,140,13.05,16.0,7.0,4.32,5,1
6,55,415,1700.0,0,1,12,130.0,70,22.1,140.0,70,11.9,150.0,80,6.75,6.0,2.0,1.62,0,0
23,95,408,2600.0,0,0,0,210.0,105,35.7,230.0,110,19.55,240.0,115,10.8,12.0,5.0,3.24,2,0
31,140,510,3600.0,0,1,28,190.0,95,32.3,210.0,100,17.85,230.0,110,10.35,9.0,4.0,2.43,4,0
8,45,415,1400.0,0,0,0,120.0,70,20.4,140.0,70,11.9,150.0,80,6.75,5.0,2.0,1.35,1,1
19,80,408,2100.0,0,0,0,150.0,85,25.5,190.0,90,16.15,200.0,95,9.0,8.0,3.0,2.16,0,0
44,170,415,4700.0,0,1,30,260.0,120,44.2,240.0,115,20.4,270.0,130,12.15,14.0,6.0,3.78,3,1
13,60,510,1900.0,0,0,0,140.0,80,23.8,160.0,80,13.6,170.0,90,7.65,7.0,3.0,1.89,0,0
27,110,415,2800.0,0,1,22,170.0,85,28.9,190.0,90,16.15,210.0,100,9.45,9.0,4.0,2.43,2,0
35,120,408,3200.0,0,0,0,240.0,110,40.8,220.0,105,18.7,250.0,115,11.25,12.0,5.0,3.24,1,1
22,80,415,3000.0,0,0,0,200.0,80,34.0,180.0,90,15.3,190.0,95,8.55,9.0,3.0,2.43,2,0
40,95,408,3800.0,0,1,20,240.0,90,40.8,210.0,110,17.85,230.0,115,10.35,12.5,5.0,3.375,4,0
5,150,415,2500.0,0,0,0,180.0,70,30.6,160.0,80,13.6,170.0,85,7.65,8.0,2.0,2.16,6,1
30,200,408,3500.0,1,0,0,300.0,110,51.0,250.0,140,21.25,260.0,130,11.7,15.0,6.0,4.05,8,1
18,90,510,2200.0,0,0,0,140.0,55,23.8,120.0,65,10.2,140.0,70,6.3,6.0,1.0,1.62,1,0
45,110,415,4500.0,0,1,25,260.0,95,44.2,220.0,120,18.7,240.0,120,10.8,13.0,5.0,3.51,3,0
12,140,408,2600.0,0,0,0,190.0,80,32.3,170.0,90,14.45,180.0,90,8.1,9.5,3.0,2.565,5,1
28,70,415,3200.0,0,0,0,210.0,85,35.7,190.0,100,16.15,200.0,100,9.0,10.0,4.0,2.7,0,0
3,210,510,1500.0,1,0,0,120.0,45,20.4,100.0,60,8.5,110.0,55,4.95,5.0,1.0,1.35,7,1
36,95,408,3800.0,0,1,20,240.0,95,40.8,210.0,110,17.85,230.0,115,10.35,12.5,5.0,3.375,2,0
7,140,415,2600.0,0,0,0,170.0,70,28.9,150.0,80,12.75,160.0,80,7.2,8.0,2.0,2.16,9,1
23,60,510,2100.0,0,0,0,130.0,55,22.1,110.0,65,9.35,140.0,70,6.3,7.0,1.0,1.89,0,0
49,140,415,4800.0,0,1,35,280.0,100,47.6,240.0,130,20.4,260.0,130,11.7,14.0,6.0,3.78,3,0
15,190,408,3000.0,0,0,0,220.0,90,37.4,200.0,110,17.0,210.0,105,9.45,11.0,4.0,2.97,4,1
32,90,415,3100.0,0,0,0,190.0,80,32.3,170.0,90,14.45,180.0,90,8.1,9.5,3.0,2.565,1,0
2,220,510,1400.0,1,0,0,110.0,45,18.7,90.0,50,7.65,100.0,50,4.5,4.0,1.0,1.08,10,1
41,110,415,4200.0,0,1,28,260.0,95,44.2,220.0,120,18.7,240.0,120,10.8,13.0,5.0,3.51,2,0
9,150,408,2700.0,0,0,0,210.0,90,35.7,190.0,100,16.15,200.0,100,9.0,10.0,4.0,2.7,6,1
27,95,510,2500.0,0,0,0,140.0,60,23.8,120.0,65,10.2,140.0,70,6.3,6.0,1.0,1.62,0,0
4,180,415,1900.0,0,0,0,160.0,70,27.2,140.0,80,11.9,150.0,75,6.75,8.0,2.0,2.16,8,1
38,120,415,4300.0,0,1,30,250.0,95,42.5,210.0,110,17.85,230.0,115,10.35,12.5,5.0,3.375,1,0
6,160,408,2600.0,0,0,0,190.0,80,32.3,170.0,90,14.45,180.0,90,8.1,9.5,3.0,2.565,5,1
20,70,415,2100.0,0,0,0,120.0,55,20.4,100.0,60,8.5,110.0,55,4.95,5.0,1.0,1.35,0,0
11,140,510,2800.0,1,0,0,140.0,60,23.8,120.0,65,10.2,140.0,70,6.3,6.0,1.0,1.62,7,1
34,90,415,3000.0,0,0,0,200.0,80,34.0,180.0,90,15.3,190.0,95,8.55,9.0,3.0,2.43,2,1
12,70,415,2500.0,0,1,30,120.5,90,20.49,200.3,110,17.03,150.7,91,6.78,0.0,0.0,0.0,1,0
25,120,415,1800.0,0,0,0,200.0,110,34.0,250.0,140,21.25,180.0,117,8.1,0.0,0.0,0.0,4,1
8,45,415,3500.0,1,1,40,150.0,95,25.5,180.0,120,15.3,140.0,100,6.3,10.0,5.0,2.7,5,1
30,150,415,4000.0,0,0,0,250.0,120,42.5,300.0,140,25.5,200.0,110,9.0,0.0,0.0,0.0,2,1
18,80,415,2200.0,0,1,25,180.0,100,30.6,220.0,130,18.7,170.0,90,7.65,0.0,0.0,0.0,1,0
22,110,415,3000.0,0,0,0,220.0,115,37.4,260.0,135,22.1,190.0,105,8.55,0.0,0.0,0.0,4,1
28,140,415,3500.0,0,0,0,240.0,120,40.8,280.0,140,23.8,210.0,115,9.45,0.0,0.0,0.0,3,1
35,90,415,2800.0,0,0,0,160.0,95,27.2,190.0,110,16.15,140.0,80,6.3,0.0,0.0,0.0,0,0
40,160,415,3600.0,0,0,0,260.0,130,44.2,310.0,150,26.35,220.0,120,9.9,0.0,0.0,0.0,5,1
27,130,415,3300.0,0,0,0,230.0,110,39.1,270.0,140,22.95,190.0,100,8.55,0.0,0.0,0.0,2,1
5,60,408,1500.0,0,0,0,140.0,100,23.8,200.0,120,17.0,150.0,90,6.75,0.0,0.0,0.0,1,0
15,70,408,1900.0,0,0,0,170.0,110,28.9,210.0,130,17.85,160.0,95,7.2,0.0,0.0,0.0,3,1
9,50,415,2600.0,0,1,35,190.0,105,32.3,240.0,140,20.4,180.0,110,8.1,0.0,0.0,0.0,2,1
20,85,415,2800.0,0,0,0,210.0,115,35.7,260.0,140,22.1,190.0,100,8.55,0.0,0.0,0.0,1,1
12,55,415,2100.0,0,0,0,140.0,90,23.8,190.0,120,16.15,140.0,80,6.3,0.0,0.0,0.0,0,0
4,40,510,1700.0,0,0,0,130.0,85,22.1,180.0,110,15.3,120.0,70,5.4,0.0,0.0,0.0,1,0
6,30,510,1900.0,0,1,20,150.0,95,25.5,200.0,120,17.0,140.0,90,6.3,0.0,0.0,0.0,4,1
10,70,510,4000.0,1,0,0,180.0,100,30.6,220.0,130,18.7,160.0,90,7.2,12.0,6.0,3.24,2,0
14,65,415,2600.0,0,0,0,190.0,110,32.3,240.0,140,20.4,170.0,100,7.65,0.0,0.0,0.0,3,1
23,80,415,3000.0,0,1,28,210.0,115,35.7,260.0,140,22.1,190.0,100,8.55,0.0,0.0,0.0,1,0
18,90,415,3200.0,0,0,0,220.0,120,37.4,280.0,140,23.8,210.0,110,9.45,0.0,0.0,0.0,2,1
7,45,415,1500.0,0,1,22,140.0,90,23.8,190.0,120,16.15,140.0,80,6.3,0.0,0.0,0.0,0,0
11,55,415,2100.0,0,0,0,150.0,95,25.5,210.0,130,17.85,160.0,90,7.2,0.0,0.0,0.0,1,0
16,70,415,2600.0,0,1,30,190.0,110,32.3,240.0,140,20.4,180.0,100,8.1,0.0,0.0,0.0,2,0
13,60,415,1900.0,0,0,0,170.0,100,28.9,210.0,130,17.85,160.0,90,7.2,0.0,0.0,0.0,1,0
12,120,415,3000.0,0,0,0,180.0,99,30.6,200.0,128,32.0,250.0,132,11.25,10.0,2.0,2.7,1,0
35,80,408,4000.0,0,1,20,150.0,83,25.5,180.0,115,28.8,220.0,116,9.9,8.0,2.0,2.16,0,1
48,200,415,2500.0,1,0,30,250.0,138,42.5,150.0,96,24.0,300.0,159,13.5,15.0,4.0,4.05,2,0
5,50,510,3500.0,0,1,5,120.0,66,20.4,100.0,64,16.0,180.0,95,8.1,5.0,1.0,1.35,3,1
23,150,415,4000.0,0,0,0,200.0,110,34.0,170.0,109,27.2,260.0,138,11.7,12.0,3.0,3.24,4,0
30,90,408,3000.0,0,1,10,140.0,77,23.8,140.0,90,22.4,200.0,106,9.0,9.0,2.0,2.43,5,1
42,110,415,4500.0,1,0,25,260.0,143,44.2,190.0,121,30.4,310.0,164,13.95,18.0,4.0,4.86,6,0
18,70,510,2000.0,0,0,0,160.0,88,27.2,130.0,83,20.8,210.0,111,9.45,7.0,2.0,1.89,7,1
27,140,415,3500.0,0,1,15,190.0,105,32.3,160.0,102,25.6,240.0,127,10.8,12.0,3.0,3.24,8,0
9,60,408,2500.0,0,0,0,110.0,61,18.7,90.0,58,14.4,140.0,74,6.3,4.0,1.0,1.08,9,1
38,130,415,4000.0,0,1,5,170.0,94,28.9,150.0,96,24.0,260.0,138,11.7,11.0,3.0,2.97,0,0
15,85,510,3000.0,1,0,12,140.0,77,23.8,120.0,77,19.2,190.0,100,8.55,6.0,1.0,1.62,1,1
22,95,415,3500.0,0,0,0,210.0,115,35.7,170.0,109,27.2,280.0,148,12.6,13.0,3.0,3.51,2,0
47,120,408,4000.0,0,1,8,190.0,105,32.3,140.0,90,22.4,250.0,132,11.25,9.0,2.0,2.43,3,1
4,30,510,1500.0,1,0,0,80.0,44,13.6,70.0,45,11.2,100.0,53,4.5,3.0,1.0,0.81,4,0
31,110,415,4500.0,0,1,20,220.0,121,37.4,190.0,121,30.4,300.0,159,13.5,15.0,4.0,4.05,5,0
28,140,408,3500.0,0,0,0,150.0,83,25.5,140.0,90,22.4,240.0,127,10.8,12.0,3.0,3.24,6,1
36,160,415,4000.0,1,1,30,250.0,138,42.5,170.0,109,27.2,280.0,148,12.6,14.0,3.0,3.78,7,0
2,20,510,1000.0,0,0,0,90.0,50,15.3,60.0,38,9.6,80.0,42,3.6,2.0,0.0,0.54,8,1
41,190,415,5000.0,0,1,25,300.0,165,51.0,200.0,128,32.0,350.0,185,15.75,18.0,4.0,4.86,9,0
24,110,408,3000.0,0,0,0,140.0,77,23.8,120.0,77,19.2,190.0,100,8.55,6.0,1.0,1.62,0,1
13,70,510,2000.0,0,1,10,120.0,66,20.4,90.0,58,14.4,140.0,74,6.3,4.0,1.0,1.08,1,0
37,150,415,4000.0,0,0,0,190.0,105,32.3,140.0,90,22.4,260.0,138,11.7,12.0,3.0,3.24,2,1
6,40,408,1500.0,0,0,0,100.0,55,17.0,70.0,45,11.2,120.0,63,5.4,3.0,1.0,0.81,3,0
20,80,510,2500.0,0,1,5,130.0,72,22.1,110.0,70,17.6,170.0,90,7.65,7.0,2.0,1.89,4,1
30,120,415,3000.0,0,0,0,200.0,100,34.0,200.0,100,17.0,200.0,100,9.0,10.0,5.0,2.7,1,0
5,60,408,2500.0,1,1,20,150.0,90,25.5,150.0,90,12.75,150.0,90,6.75,5.0,3.0,1.35,2,1
45,200,510,4000.0,0,0,0,250.0,120,42.5,250.0,120,21.25,250.0,120,11.25,12.0,6.0,3.24,0,0
12,80,415,2000.0,0,1,15,100.0,70,17.0,100.0,70,8.5,100.0,70,4.5,8.0,4.0,2.16,3,1
22,150,408,3500.0,1,0,0,180.0,110,30.6,180.0,110,15.3,180.0,110,8.1,9.0,5.0,2.43,4,0
35,90,510,2800.0,0,0,0,140.0,80,23.8,140.0,80,11.9,140.0,80,6.3,7.0,3.0,1.89,5,1
48,110,415,5000.0,0,1,25,220.0,120,37.4,220.0,120,18.7,220.0,120,9.9,11.0,7.0,2.97,6,0
7,40,408,1500.0,1,0,0,90.0,60,15.3,90.0,60,7.65,90.0,60,4.05,6.0,2.0,1.62,7,1
28,130,510,3200.0,0,0,0,160.0,100,27.2,160.0,100,13.6,160.0,100,7.2,10.0,5.0,2.7,8,0
18,70,415,2200.0,1,1,30,130.0,80,22.1,130.0,80,11.05,130.0,80,5.85,8.0,4.0,2.16,9,1
41,140,408,2600.0,0,0,0,210.0,110,35.7,210.0,110,17.85,210.0,110,9.45,9.0,5.0,2.43,0,0
9,55,415,1800.0,0,1,10,80.0,50,13.6,80.0,50,6.8,80.0,50,3.6,5.0,2.0,1.35,1,1
34,95,510,3100.0,1,0,0,170.0,90,28.9,170.0,90,14.45,170.0,90,7.65,7.0,3.0,1.89,2,0
23,120,415,2400.0,0,0,0,190.0,110,32.3,190.0,110,16.15,190.0,110,8.55,9.0,4.0,2.43,3,1
27,110,408,2800.0,0,1,20,140.0,80,23.8,140.0,80,11.9,140.0,80,6.3,6.0,2.0,1.62,4,0
15,65,510,1900.0,1,0,0,110.0,70,18.7,110.0,70,9.35,110.0,70,4.95,8.0,3.0,2.16,5,1
38,160,415,3300.0,0,0,0,240.0,120,40.8,240.0,120,20.4,240.0,120,10.8,12.0,6.0,3.24,6,0
11,45,408,1700.0,1,1,25,90.0,60,15.3,90.0,60,7.65,90.0,60,4.05,5.0,2.0,1.35,7,1
31,140,510,2600.0,0,0,0,200.0,110,34.0,200.0,110,17.0,200.0,110,9.0,10.0,5.0,2.7,8,0
20,90,415,2100.0,1,0,0,120.0,70,20.4,120.0,70,10.2,120.0,70,5.4,7.0,3.0,1.89,9,1
44,170,408,3100.0,0,1,30,210.0,110,35.7,210.0,110,17.85,210.0,110,9.45,9.0,5.0,2.43,0,0
6,35,510,1400.0,0,0,0,70.0,50,11.9,70.0,50,5.95,70.0,50,3.15,4.0,2.0,1.08,1,1
30,100,415,2500.0,1,1,40,180.0,100,30.6,180.0,100,15.3,180.0,100,8.1,8.0,4.0,2.16,2,0
17,60,408,1900.0,0,0,0,110.0,70,18.7,110.0,70,9.35,110.0,70,4.95,7.0,3.0,1.89,3,1
39,150,510,2800.0,0,0,0,200.0,120,34.0,200.0,120,17.0,200.0,120,9.0,10.0,5.0,2.7,4,0
12,120,415,3000.0,0,0,0,150.0,90,25.5,200.0,110,16.9,210.0,100,9.45,10.0,4.0,2.7,1,0
25,200,415,4000.0,0,1,20,180.0,100,30.6,220.0,120,18.6,230.0,110,10.35,12.0,5.0,3.24,2,1
5,80,408,1500.0,0,0,0,120.0,70,20.4,150.0,80,12.7,170.0,90,7.65,8.0,3.0,2.16,0,0
30,150,510,3500.0,1,1,35,200.0,110,34.0,190.0,100,16.1,210.0,95,9.45,9.0,4.0,2.43,3,1
18,90,415,2500.0,0,0,0,140.0,80,23.8,210.0,95,17.8,190.0,85,8.55,11.0,5.0,2.97,1,0
40,180,415,4200.0,0,1,25,170.0,90,28.9,230.0,110,19.4,240.0,115,10.8,13.0,6.0,3.51,4,1
2,70,510,1200.0,0,0,0,110.0,70,18.7,160.0,90,13.5,180.0,80,8.1,7.0,2.0,1.89,5,0
22,110,415,2800.0,0,1,15,190.0,95,32.3,210.0,105,17.8,200.0,90,9.0,10.0,4.0,2.7,2,0
35,140,408,3100.0,0,0,0,160.0,85,27.2,190.0,95,16.1,210.0,95,9.45,9.0,3.0,2.43,0,1
28,160,510,3800.0,1,0,0,150.0,80,25.5,170.0,90,14.4,190.0,85,8.55,8.0,2.0,2.16,1,0
10,95,415,2600.0,0,0,0,130.0,75,22.1,180.0,95,15.2,200.0,90,9.0,9.0,3.0,2.43,3,1
45,190,415,4500.0,0,1,30,210.0,110,35.7,220.0,115,18.6,230.0,110,10.35,11.0,5.0,2.97,4,0
3,60,510,1400.0,0,0,0,115.0,70,19.55,160.0,85,13.5,190.0,85,8.55,9.0,3.0,2.43,6,1
27,130,415,3200.0,0,0,0,140.0,80,23.8,210.0,95,17.8,200.0,90,9.0,10.0,4.0,2.7,7,0
8,70,408,1700.0,0,1,10,120.0,70,20.4,190.0,90,16.1,210.0,95,9.45,9.0,3.0,2.43,8,1
32,140,510,4000.0,1,0,0,180.0,90,30.6,210.0,100,17.8,220.0,100,9.9,10.0,4.0,2.7,9,0
15,110,415,2600.0,0,0,0,140.0,80,23.8,190.0,90,16.1,210.0,95,9.45,9.0,3.0,2.43,0,1
20,120,408,3000.0,0,1,5,160.0,90,27.2,200.0,100,16.9,210.0,100,9.45,10.0,4.0,2.7,1,0
6,50,510,1500.0,0,0,0,110.0,70,18.7,170.0,90,14.4,190.0,85,8.55,8.0,2.0,2.16,2,1
23,140,415,3500.0,0,1,12,170.0,90,28.9,210.0,100,17.8,200.0,90,9.0,10.0,4.0,2.7,3,0
9,80,415,1900.0,0,0,0,140.0,80,23.8,190.0,90,16.1,210.0,95,9.45,9.0,3.0,2.43,4,1
14,110,510,2200.0,0,0,0,150.0,90,25.5,210.0,100,17.8,200.0,90,9.0,10.0,4.0,2.7,5,0
16,90,408,2600.0,0,1,8,160.0,90,27.2,200.0,100,16.9,210.0,100,9.45,10.0,4.0,2.7,6,1
4,70,415,1200.0,0,0,0,110.0,70,18.7,170.0,90,14.4,190.0,85,8.55,8.0,2.0,2.16,7,0
21,120,510,2800.0,1,0,0,140.0,80,23.8,190.0,90,16.1,210.0,95,9.45,9.0,3.0,2.43,8,1
4,80,415,2000.0,0,0,0,150.0,87,25.5,190.0,94,31.35,210.0,105,9.45,9.0,4.0,2.43,1,1
12,150,408,3500.0,1,1,25,200.0,116,34.0,220.0,109,36.3,230.0,115,10.35,12.0,5.0,3.24,2,1
30,90,415,2500.0,0,0,0,170.0,99,28.9,210.0,104,34.65,200.0,100,9.0,10.0,5.0,2.7,1,1
22,110,510,4000.0,0,1,18,190.0,110,32.3,240.0,119,39.6,250.0,125,11.25,11.0,5.0,2.97,3,1
5,60,415,1500.0,0,0,0,120.0,70,20.4,140.0,69,23.1,150.0,75,6.75,7.0,3.0,1.89,0,1
45,200,408,4800.0,1,0,0,260.0,151,44.2,260.0,129,42.9,270.0,135,12.15,15.0,7.0,4.05,4,1
18,130,415,2200.0,0,0,0,160.0,93,27.2,190.0,94,31.35,210.0,105,9.45,9.5,4.0,2.57,1,1
27,95,510,2600.0,0,1,20,180.0,104,30.6,200.0,99,33.0,220.0,110,9.9,10.5,5.0,2.84,2,1
6,60,415,1400.0,0,0,0,120.0,70,20.4,140.0,69,23.1,150.0,75,6.75,7.0,3.0,1.89,0,0
14,100,408,2100.0,0,0,0,150.0,87,25.5,170.0,84,28.05,190.0,95,8.55,9.0,4.0,2.43,1,0
19,110,510,2800.0,0,1,22,200.0,116,34.0,210.0,104,34.65,210.0,105,9.45,10.0,5.0,2.7,2,1
1,30,415,800.0,0,0,0,90.0,52,15.3,110.0,54,18.15,120.0,60,5.4,6.0,3.0,1.62,0,0
33,150,415,3200.0,0,0,0,220.0,127,37.4,240.0,119,39.6,260.0,130,11.7,13.0,6.0,3.51,3,0
47,60,415,2678.0,0,1,31,223.6,129,38.01,235.6,77,20.03,153.0,119,6.89,4.7,8.0,1.27,4,0
47,121,510,2619.0,0,0,0,255.1,148,43.37,266.9,97,22.69,197.7,118,8.9,8.8,3.0,2.38,3,1
17,169,510,1427.0,0,0,0,276.1,160,46.94,123.5,88,10.5,261.9,116,11.79,11.9,5.0,3.21,1,0
29,115,415,122.0,0,0,0,135.4,78,23.02,138.8,91,11.8,208.5,92,9.38,5.4,3.0,1.46,1,0
37,101,415,3713.0,0,0,0,118.6,69,20.16,199.6,97,16.97,53.3,61,2.4,11.5,5.0,3.11,1,0
33,77,415,3846.0,0,0,0,239.2,139,40.66,150.0,115,12.75,160.8,81,7.24,10.3,2.0,2.78,5,0
50,71,415,4334.0,0,0,0,243.7,141,41.43,60.0,90,5.1,189.0,129,8.5,11.3,2.0,3.05,0,0
24,140,408,2700.0,1,1,28,230.0,133,39.1,250.0,124,41.25,270.0,135,12.15,13.5,6.0,3.64,4,1
5,120,415,2500.0,0,0,0,200.0,110,34.0,250.0,100,21.0,220.0,100,10.0,12.0,5.0,3.0,1,0
12,80,408,1800.0,0,1,20,150.0,90,26.0,200.0,95,17.0,180.0,90,8.0,10.0,3.0,2.5,2,0
30,150,510,3000.0,0,0,0,250.0,140,43.0,300.0,120,26.0,280.0,120,13.0,15.0,8.0,4.0,3,0
45,200,415,4000.0,1,1,30,300.0,160,51.0,350.0,140,29.75,330.0,140,14.85,18.0,12.0,5.2,4,1
2,50,408,1200.0,0,0,0,100.0,70,17.0,150.0,80,13.0,120.0,70,5.0,8.0,2.0,1.5,0,0
25,90,510,2200.0,1,1,10,180.0,95,31.0,220.0,110,18.7,200.0,90,9.0,12.0,4.0,2.8,2,1
38,110,415,2600.0,0,0,0,210.0,110,36.0,260.0,115,22.0,240.0,110,11.0,14.0,6.0,3.2,2,0
18,70,408,1900.0,1,1,0,140.0,80,24.0,350.0,90,29.75,160.0,80,7.0,19.3,15.0,5.1,5,1
27,130,510,3100.0,1,1,25,320.0,170,54.0,350.0,150,29.75,360.0,150,16.2,20.0,15.0,5.1,6,1
4,40,415,1400.0,1,1,0,110.0,75,19.0,170.0,85,14.45,140.0,70,6.3,9.0,2.0,1.8,1,1
33,160,408,2800.0,0,1,15,190.0,100,32.0,210.0,110,17.85,190.0,100,8.55,11.0,5.0,2.5,1,0
41,140,510,3300.0,1,1,0,260.0,130,44.0,310.0,140,26.35,280.0,120,12.6,16.0,9.0,4.5,3,1
15,60,415,1700.0,0,0,0,140.0,90,24.0,190.0,95,16.15,170.0,90,7.65,10.0,4.0,2.3,2,0
23,110,408,2100.0,0,1,5,160.0,100,27.0,220.0,110,18.7,210.0,110,9.45,12.0,6.0,3.0,1,0
8,30,510,1100.0,1,1,0,90.0,60,15.0,140.0,70,11.9,120.0,70,5.4,8.0,2.0,1.5,1,1
36,190,415,3600.0,1,1,35,310.0,170,53.0,350.0,150,29.75,350.0,150,15.75,18.0,13.0,5.2,6,1
19,85,408,1900.0,0,0,0,150.0,90,26.0,190.0,95,16.15,170.0,90,8.0,11.0,4.0,2.6,2,0
28,120,510,2500.0,1,1,10,200.0,110,34.0,240.0,120,20.4,210.0,110,9.45,13.0,5.0,3.0,1,1
11,55,415,1600.0,0,0,0,130.0,80,22.0,170.0,90,14.45,140.0,80,6.3,9.0,3.0,2.0,0,0
44,200,408,4000.0,1,1,40,320.0,170,54.0,350.0,150,29.75,360.0,150,16.2,19.3,15.0,5.1,7,1
6,45,415,1300.0,1,1,0,120.0,70,20.0,160.0,85,13.6,130.0,70,5.85,9.0,2.0,1.8,1,1
31,140,510,2700.0,1,1,0,230.0,120,39.0,260.0,120,22.1,240.0,110,10.8,14.0,6.0,3.5,3,1
20,100,408,2000.0,1,1,5,170.0,110,29.0,210.0,110,17.85,190.0,100,8.55,12.0,5.0,2.8,1,1
37,170,415,3800.0,1,1,30,280.0,140,48.0,320.0,140,27.2,310.0,140,13.95,18.0,10.0,4.5,4,1
13,75,510,1900.0,0,0,0,150.0,90,26.0,190.0,95,16.15,170.0,90,7.65,11.0,4.0,2.6,2,0
12,110,415,2500.0,0,0,0,150.0,90,25.5,200.0,110,17.0,180.0,100,8.1,5.0,3.0,1.35,1,0
5,95,415,3000.0,0,1,20,200.0,110,34.0,250.0,120,21.25,220.0,120,9.9,8.0,4.0,2.16,2,0
30,140,415,4000.0,1,0,0,120.0,70,20.4,180.0,90,15.3,150.0,80,6.75,12.0,5.0,3.24,0,0
22,80,408,3500.0,0,0,0,170.0,95,28.9,210.0,110,17.85,190.0,110,8.55,10.0,3.0,2.7,1,0
18,60,408,2000.0,0,1,15,90.0,50,15.3,140.0,80,11.9,120.0,70,5.4,6.0,2.0,1.62,3,0
40,200,510,4500.0,0,0,0,250.0,120,42.5,260.0,130,22.1,240.0,120,10.8,9.0,4.0,2.43,1,0
7,90,510,1500.0,0,1,25,130.0,80,22.1,190.0,100,16.15,170.0,90,7.65,7.0,3.0,1.89,0,0
25,120,415,3000.0,0,0,0,180.0,100,30.6,220.0,110,18.7,200.0,110,9.0,11.0,5.0,2.97,2,0
3,70,415,1800.0,0,0,0,140.0,80,23.8,160.0,90,13.6,140.0,80,6.3,5.0,2.0,1.35,1,0
35,150,408,3800.0,0,1,30,210.0,110,35.7,240.0,120,20.4,260.0,120,11.7,12.0,6.0,3.24,1,0
10,50,510,2200.0,0,0,0,110.0,70,18.7,140.0,80,11.9,150.0,80,6.75,4.0,1.0,1.08,0,0
28,110,415,2600.0,0,1,22,190.0,105,32.3,230.0,115,19.55,210.0,110,9.45,10.0,4.0,2.7,2,0
15,80,415,1900.0,0,0,0,160.0,90,27.2,210.0,110,17.85,190.0,100,8.55,9.0,3.0,2.43,1,0
20,90,415,2800.0,0,0,0,140.0,80,23.8,170.0,100,14.45,190.0,110,8.55,8.0,3.0,2.16,1,1
5,70,415,1700.0,0,1,18,160.0,90,27.2,190.0,110,16.15,210.0,120,9.45,9.0,4.0,2.43,2,1
30,140,415,4000.0,1,0,0,120.0,70,20.4,180.0,90,15.3,150.0,80,6.75,12.0,5.0,3.24,0,1
22,80,408,3500.0,0,0,0,170.0,95,28.9,210.0,110,17.85,190.0,110,8.55,10.0,3.0,2.7,1,1
18,60,408,2000.0,0,1,15,90.0,50,15.3,140.0,80,11.9,120.0,70,5.4,6.0,2.0,1.62,3,1
40,200,408,4500.0,0,0,0,250.0,120,42.5,260.0,130,22.1,240.0,120,10.8,9.0,4.0,2.43,1,1
25,120,510,3000.0,0,0,0,180.0,100,30.6,220.0,110,18.7,200.0,110,9.0,11.0,5.0,2.97,2,1
3,70,510,1800.0,0,0,0,140.0,80,23.8,160.0,90,13.6,140.0,80,6.3,5.0,2.0,1.35,1,1
35,150,510,3800.0,0,1,30,210.0,110,35.7,240.0,120,20.4,260.0,120,11.7,12.0,6.0,3.24,1,1
10,50,415,2200.0,0,0,0,110.0,70,18.7,140.0,80,11.9,150.0,80,6.75,4.0,1.0,1.08,0,1
28,110,415,2600.0,0,1,22,190.0,105,32.3,230.0,115,19.55,210.0,110,9.45,10.0,4.0,2.7,2,1
15,80,415,1900.0,0,0,0,160.0,90,27.2,210.0,110,17.85,190.0,100,8.55,9.0,3.0,2.43,1,1
5,120,415,2500.0,0,0,0,150.0,90,25.5,200.0,110,17.0,220.0,120,9.9,10.0,5.0,2.7,1,0
12,80,415,1800.0,0,0,5,200.0,110,34.0,250.0,140,21.25,300.0,150,13.5,15.0,10.0,4.05,2,1
0,200,510,4000.0,1,1,20,120.0,80,20.4,180.0,100,15.3,250.0,130,11.25,5.0,3.0,1.35,0,1
30,50,415,3000.0,0,0,0,80.0,70,13.6,140.0,90,11.9,180.0,110,8.1,8.0,4.0,2.16,1,0
45,150,415,4500.0,0,0,0,250.0,120,42.5,300.0,140,25.5,350.0,150,15.75,12.0,6.0,3.24,3,1
22,90,415,2200.0,0,0,10,180.0,100,30.6,220.0,120,18.7,280.0,140,12.6,9.0,5.0,2.43,1,0
3,60,510,1500.0,0,0,0,140.0,90,23.8,190.0,110,16.15,260.0,130,11.7,7.0,4.0,1.89,0,1
18,110,415,3500.0,0,0,0,300.0,140,51.0,250.0,130,21.25,320.0,140,14.4,11.0,5.0,2.97,2,0
8,70,415,2000.0,0,0,0,100.0,80,17.0,150.0,100,12.75,200.0,120,9.0,6.0,3.0,1.62,1,0
25,140,415,4000.0,0,0,0,220.0,110,37.4,260.0,140,22.1,300.0,140,13.5,13.0,6.0,3.51,2,1
40,200,510,4800.0,1,1,30,90.0,70,15.3,170.0,110,14.45,240.0,120,10.8,4.0,2.0,1.08,0,1
2,30,415,1000.0,0,0,0,110.0,90,18.7,140.0,100,11.9,190.0,110,8.55,5.0,3.0,1.35,1,0
15,95,415,2600.0,0,0,0,160.0,100,27.2,210.0,120,17.85,260.0,120,11.7,9.0,4.0,2.43,3,0
27,110,510,3500.0,0,0,0,130.0,90,22.1,190.0,110,16.15,240.0,120,10.8,6.0,3.0,1.62,0,1
6,120,415,4200.0,0,0,0,190.0,110,32.3,230.0,120,19.55,280.0,140,12.6,10.0,5.0,2.7,2,0
11,80,415,1900.0,0,0,5,140.0,90,23.8,170.0,110,14.45,210.0,120,9.45,7.0,4.0,1.89,1,1
14,140,510,4600.0,1,1,25,100.0,80,17.0,150.0,100,12.75,200.0,120,9.0,5.0,3.0,1.35,0,1
9,70,415,2100.0,0,0,0,170.0,100,28.9,190.0,110,16.15,250.0,130,11.25,8.0,4.0,2.16,1,0
23,90,415,2400.0,0,0,0,120.0,90,20.4,140.0,100,11.9,200.0,120,9.0,6.0,3.0,1.62,2,1
4,50,510,1200.0,0,0,0,90.0,80,15.3,140.0,100,11.9,190.0,110,8.55,5.0,3.0,1.35,0,0
17,110,415,2800.0,0,0,0,140.0,90,23.8,190.0,110,16.15,240.0,120,10.8,6.0,3.0,1.62,1,1
1,30,415,800.0,0,0,0,80.0,70,13.6,140.0,100,11.9,190.0,110,8.55,5.0,3.0,1.35,0,0
20,120,510,3500.0,0,0,0,200.0,110,34.0,260.0,140,22.1,300.0,140,13.5,13.0,6.0,3.51,2,1
13,70,415,2100.0,0,0,0,150.0,90,25.5,200.0,110,17.0,220.0,120,9.9,10.0,5.0,2.7,1,0
7,90,415,2600.0,0,0,0,180.0,100,30.6,220.0,120,18.7,280.0,140,12.6,9.0,4.0,2.43,2,1
12,120,415,3000.0,0,0,0,150.0,90,25.5,200.0,110,30.0,210.0,100,14.7,5.0,3.0,1.35,1,0
35,150,510,4000.0,0,1,20,200.0,110,34.0,250.0,120,37.5,240.0,110,16.8,10.0,5.0,2.7,2,1
22,80,408,2500.0,1,0,0,120.0,70,20.4,180.0,90,27.0,190.0,95,13.3,8.0,4.0,2.16,0,0
48,200,415,4500.0,0,0,0,250.0,140,42.5,300.0,130,45.0,260.0,120,18.2,12.0,6.0,3.24,3,1
5,50,510,1500.0,0,1,30,180.0,100,30.6,220.0,110,33.0,210.0,105,14.7,9.0,4.0,2.43,1,1
30,140,415,3500.0,0,0,0,160.0,90,27.2,190.0,95,28.5,200.0,100,14.0,7.0,3.0,1.89,0,0
18,90,408,2200.0,0,1,25,140.0,80,23.8,210.0,100,31.5,190.0,95,13.3,6.0,3.0,1.62,2,1
40,170,510,4800.0,0,0,0,220.0,120,37.4,260.0,120,39.0,250.0,115,17.5,11.0,5.0,2.97,1,0
25,110,415,2600.0,0,0,0,150.0,90,22.1,190.0,90,28.5,210.0,100,14.7,8.0,4.0,2.16,0,0
47,63,408,780.0,0,0,0,211.7,107,35.99,271.7,77,23.09,203.3,108,9.15,7.4,7.0,2.0,0,0
7,74,415,2277.0,0,0,0,85.7,83,14.57,247.7,67,21.05,142.4,85,6.41,10.1,5.0,2.73,2,0
42,39,408,1952.0,0,0,0,187.2,110,31.82,114.7,116,9.75,104.7,83,4.71,13.2,5.0,3.56,1,0
37,134,415,1700.0,0,1,50,208.8,130,35.5,132.9,104,11.3,136.7,107,6.15,11.1,4.0,3.0,2,0
3,94,408,3300.0,0,1,38,170.1,124,28.92,193.3,116,16.43,105.9,73,4.77,12.8,4.0,3.46,1,0
36,154,415,2450.0,1,0,0,145.9,69,24.8,208.2,141,17.7,180.9,106,8.14,14.4,10.0,3.89,0,1
44,201,510,2417.0,0,0,0,212.7,72,36.16,225.2,90,19.14,195.1,99,8.78,7.0,6.0,1.89,1,0
31,59,510,1342.0,0,0,0,195.0,58,33.15,198.5,88,16.87,304.3,110,13.69,14.8,9.0,4.0,0,0
49,36,510,4912.0,0,0,0,175.7,69,29.87,154.8,98,13.16,208.2,68,9.37,9.5,2.0,2.57,0,0
9,124,415,3632.0,0,1,28,251.4,104,42.74,225.1,89,19.13,251.9,121,11.34,7.5,5.0,2.03,1,0
35,82,415,4737.0,0,0,0,207.2,114,35.22,163.7,97,13.91,192.8,79,8.68,9.3,4.0,2.51,1,0
14,233,408,3267.0,0,1,20,137.3,94,23.34,232.4,87,19.77,206.0,105,9.27,9.8,4.0,2.65,2,1
13,119,415,618.0,0,1,32,173.0,101,29.41,209.4,93,17.8,231.1,91,10.4,12.2,4.0,3.29,0,0
46,146,510,1483.0,0,0,0,204.4,135,34.75,219.1,90,18.62,222.7,114,10.02,10.5,6.0,2.84,3,0
35,97,415,3000.0,0,1,20,180.0,100,30.6,190.0,95,16.15,210.0,90,9.45,9.0,4.0,2.43,2,1
15,100,408,2700.0,0,0,0,160.0,90,27.2,170.0,90,14.45,190.0,80,8.55,10.0,4.0,2.7,4,0
33,150,415,3100.0,0,1,20,210.0,115,35.7,190.0,95,16.15,210.0,90,9.45,11.0,5.0,2.97,5,1
7,80,510,2200.0,0,0,0,170.0,95,28.9,160.0,85,13.6,190.0,80,8.55,9.0,4.0,2.43,3,0
28,140,415,2600.0,0,1,30,200.0,110,34.0,210.0,100,17.85,220.0,95,9.9,12.0,5.0,3.24,6,1
12,120,415,2500.0,0,0,0,200.0,116,34.0,210.0,106,35.7,220.0,108,37.4,12.0,5.0,3.24,1,0
25,80,415,1800.0,0,0,0,150.0,87,25.5,190.0,96,32.3,210.0,104,35.7,8.0,4.0,2.16,2,0
38,200,415,3200.0,0,1,0,120.0,69,20.4,160.0,80,27.2,180.0,89,30.6,5.0,2.0,1.35,0,0
5,50,415,900.0,0,0,0,250.0,145,42.5,260.0,131,44.2,240.0,118,40.8,15.0,7.0,4.05,3,0
42,180,415,4000.0,0,0,0,180.0,104,30.6,190.0,96,32.3,200.0,99,34.0,9.0,4.0,2.43,1,0
30,140,415,2100.0,0,0,0,220.0,127,37.4,230.0,116,39.1,210.0,104,35.7,11.0,5.0,2.97,4,0
22,90,415,1500.0,0,0,0,140.0,81,23.8,150.0,75,25.5,170.0,84,28.9,7.0,3.0,1.89,0,0
18,110,415,1900.0,0,0,0,260.0,150,44.2,270.0,136,45.9,250.0,123,42.5,13.0,6.0,3.51,2,0
27,70,415,1300.0,0,0,0,190.0,110,32.3,200.0,101,34.0,210.0,104,35.7,10.0,4.0,2.7,1,0
35,160,415,2800.0,0,0,0,170.0,98,28.9,180.0,91,30.6,190.0,94,32.3,6.0,3.0,1.62,0,0
8,40,415,800.0,0,0,0,300.0,173,51.0,310.0,156,52.7,280.0,138,47.6,14.0,6.0,3.78,3,0
45,190,415,3500.0,0,0,0,130.0,75,22.1,140.0,70,23.8,150.0,74,25.5,4.0,2.0,1.08,0,0
15,110,415,1700.0,0,0,0,210.0,121,35.7,220.0,111,37.4,230.0,113,39.1,12.0,5.0,3.24,2,0
20,130,408,2200.0,1,0,0,160.0,93,27.2,170.0,85,28.9,180.0,89,30.6,9.0,4.0,2.43,1,0
28,70,408,1400.0,0,0,0,190.0,110,32.3,200.0,101,34.0,210.0,104,35.7,8.0,4.0,2.16,0,0
12,150,408,2600.0,0,0,0,140.0,81,23.8,150.0,75,25.5,160.0,79,27.2,6.0,3.0,1.62,2,0
5,90,408,1800.0,0,0,0,220.0,127,37.4,230.0,116,39.1,210.0,104,35.7,11.0,5.0,2.97,3,1
30,140,408,2400.0,0,0,0,180.0,104,30.6,190.0,96,32.3,200.0,99,34.0,7.0,3.0,1.89,1,1
22,110,510,1900.0,0,0,0,170.0,99,28.9,180.0,91,30.6,190.0,94,32.3,8.0,4.0,2.16,0,1
18,80,510,1400.0,1,0,0,200.0,116,34.0,210.0,106,35.7,220.0,108,37.4,10.0,4.0,2.7,2,1
25,120,510,2100.0,0,0,0,240.0,139,40.8,250.0,126,42.5,260.0,128,44.2,12.0,5.0,3.24,1,1
12,70,510,1500.0,0,0,0,130.0,75,22.1,140.0,70,23.8,150.0,74,25.5,4.0,2.0,1.08,0,0
35,140,510,2600.0,0,0,0,190.0,110,32.3,200.0,101,34.0,210.0,104,35.7,8.0,4.0,2.16,1,0
10,60,510,1200.0,1,0,0,210.0,121,35.7,220.0,111,37.4,230.0,113,39.1,11.0,5.0,2.97,2,0
40,170,510,3000.0,0,0,0,160.0,93,27.2,170.0,85,28.9,180.0,89,30.6,9.0,4.0,2.43,0,0
12,120,415,2500.0,0,0,0,200.0,116,34.0,250.0,141,21.25,220.0,108,9.9,8.0,3.0,2.16,2,0
35,200,408,4000.0,0,1,15,150.0,87,25.5,180.0,91,15.3,190.0,94,8.55,12.0,5.0,3.24,1,1
5,80,510,3000.0,1,0,0,120.0,69,20.4,140.0,70,11.9,160.0,79,7.2,5.0,2.0,1.35,0,0
28,150,415,3500.0,0,1,30,260.0,150,44.2,280.0,141,23.8,250.0,128,11.7,15.0,7.0,4.05,3,1
22,110,408,2000.0,0,0,0,180.0,104,30.6,220.0,111,18.7,210.0,104,9.45,9.0,4.0,2.43,4,0
40,180,510,4500.0,1,1,25,260.0,150,44.2,280.0,141,23.8,260.0,128,11.7,15.0,7.0,4.05,2,1
15,90,415,2800.0,0,0,0,140.0,81,23.8,160.0,80,13.6,170.0,84,7.65,6.0,3.0,1.62,1,0
30,140,408,3200.0,0,1,12,250.0,145,42.5,280.0,141,23.8,260.0,128,11.7,10.0,4.0,2.7,0,1
8,70,510,1500.0,0,0,0,110.0,64,18.7,130.0,65,11.05,140.0,69,6.3,4.0,2.0,1.08,5,0
18,160,415,3800.0,1,1,20,260.0,150,44.2,280.0,141,23.8,280.0,138,12.6,14.0,6.0,3.78,3,1
25,130,408,2600.0,0,0,0,190.0,110,32.3,210.0,106,17.85,200.0,99,9.0,7.0,3.0,1.89,2,0
32,190,510,4100.0,0,1,18,240.0,139,40.8,280.0,141,23.8,260.0,128,11.7,16.0,7.0,4.32,1,1
9,60,415,1900.0,0,0,0,130.0,75,22.1,140.0,70,11.9,150.0,74,6.75,3.0,1.0,0.81,4,0
27,170,408,3600.0,0,1,22,280.0,141,47.6,280.0,141,23.8,290.0,143,13.05,13.0,6.0,3.51,0,1
14,95,510,2200.0,0,0,0,160.0,93,27.2,180.0,91,15.3,170.0,84,7.65,5.0,2.0,1.35,3,0
38,210,415,4300.0,1,1,28,240.0,139,40.8,280.0,141,23.8,260.0,128,11.7,16.0,7.0,4.32,2,1
6,75,408,1700.0,0,0,0,120.0,69,20.4,140.0,70,11.9,130.0,64,5.85,4.0,2.0,1.08,1,0
31,190,510,4700.0,0,1,26,260.0,150,44.2,280.0,141,23.8,260.0,128,11.7,15.0,7.0,4.05,4,1
20,110,415,2100.0,0,0,0,140.0,81,23.8,160.0,80,13.6,150.0,74,6.75,5.0,2.0,1.35,0,0
23,140,408,3400.0,0,1,19,260.0,150,44.2,280.0,141,23.8,260.0,128,11.7,10.0,4.0,2.7,3,1
11,90,510,1900.0,0,0,0,130.0,75,22.1,140.0,70,11.9,150.0,74,6.75,3.0,1.0,0.81,2,0
29,170,415,4200.0,1,1,27,240.0,139,40.8,280.0,141,23.8,260.0,128,11.7,16.0,7.0,4.32,1,1
4,70,408,1600.0,0,0,0,110.0,64,18.7,130.0,65,11.05,120.0,59,5.4,4.0,2.0,1.08,0,0
34,200,510,4600.0,0,1,23,260.0,150,44.2,280.0,141,23.8,320.0,158,14.4,18.0,8.0,4.86,3,1
19,80,415,2100.0,0,0,0,140.0,81,23.8,160.0,80,13.6,150.0,74,6.75,5.0,2.0,1.35,2,0
23,110,415,3000.0,1,0,0,180.0,90,30.6,200.0,100,17.0,210.0,95,9.45,12.0,5.0,3.24,1,1
12,85,510,2500.0,1,0,0,150.0,80,25.5,190.0,90,16.15,190.0,85,8.55,10.0,4.0,2.7,1,0
35,120,415,4000.0,0,1,30,220.0,110,37.4,210.0,110,17.85,260.0,120,11.7,15.0,6.0,4.05,1,1
5,60,415,1500.0,0,0,0,100.0,70,17.0,140.0,80,11.9,150.0,70,6.75,8.0,3.0,2.16,1,0
28,95,415,3500.0,0,1,25,190.0,95,32.3,210.0,95,17.85,230.0,100,10.35,13.0,5.0,3.51,1,1
18,70,408,2000.0,0,0,0,140.0,75,23.8,160.0,85,13.6,170.0,80,7.65,9.0,4.0,2.43,1,0
30,110,510,2800.0,0,0,0,160.0,90,27.2,190.0,100,16.15,200.0,95,9.0,11.0,5.0,2.97,1,1
7,40,415,1200.0,0,0,0,90.0,60,15.3,120.0,70,10.2,140.0,65,6.3,7.0,2.0,1.89,1,0
42,140,415,4500.0,0,1,35,250.0,120,42.5,260.0,120,22.1,280.0,110,12.6,18.0,7.0,4.86,1,1
15,55,415,1700.0,0,0,0,110.0,65,18.7,130.0,75,11.05,160.0,70,7.2,9.5,3.0,2.57,1,0
22,90,415,2600.0,0,0,0,170.0,95,28.9,210.0,105,17.85,220.0,100,9.9,12.5,5.0,3.38,1,1
8,45,408,1400.0,0,0,0,95.0,70,16.15,140.0,80,11.9,150.0,75,6.75,8.0,3.0,2.16,1,0
27,100,415,3800.0,0,1,40,210.0,105,35.7,240.0,110,20.4,250.0,105,11.25,14.0,6.0,3.78,1,1
4,30,415,900.0,0,0,0,70.0,50,11.9,100.0,60,8.5,120.0,55,5.4,6.0,1.0,1.62,1,0
19,75,510,1900.0,0,0,0,130.0,80,22.1,150.0,85,12.75,170.0,80,7.65,9.0,4.0,2.43,1,1
13,55,415,1600.0,0,0,0,110.0,70,18.7,130.0,75,11.05,160.0,70,7.2,9.5,3.0,2.57,1,0
33,130,415,4200.0,0,1,45,240.0,115,40.8,250.0,115,21.25,270.0,110,12.15,17.0,7.0,4.59,1,1
6,35,408,1100.0,0,0,0,80.0,55,13.6,110.0,65,9.35,130.0,60,5.85,7.0,2.0,1.89,1,0
21,95,415,2700.0,0,0,0,180.0,100,30.6,220.0,110,18.7,230.0,105,10.35,13.0,6.0,3.51,1,1
2,20,415,800.0,0,0,0,60.0,40,10.2,80.0,50,6.8,100.0,45,4.5,5.0,1.0,1.35,1,0
14,60,415,1500.0,0,0,0,120.0,70,20.4,140.0,80,11.9,150.0,75,6.75,8.0,3.0,2.16,1,1
9,45,415,1300.0,0,0,0,90.0,60,15.3,120.0,70,10.2,140.0,65,6.3,7.0,2.0,1.89,1,0
25,110,415,3600.0,0,0,0,200.0,100,34.0,230.0,105,19.55,240.0,105,10.8,12.0,5.0,3.24,1,1
3,25,408,700.0,0,0,0,50.0,30,8.5,70.0,40,5.95,80.0,35,3.6,4.0,1.0,1.08,1,0
16,70,415,1900.0,0,0,0,140.0,80,23.8,150.0,85,12.75,170.0,80,7.65,9.0,4.0,2.43,1,1
12,80,415,1200.0,0,0,0,150.0,87,25.5,200.0,100,17.0,250.0,122,11.25,8.0,4.0,2.16,3,0
35,150,510,2500.0,1,1,20,200.0,116,34.0,250.0,125,21.25,300.0,147,13.5,12.0,5.0,3.24,5,1
5,45,408,500.0,0,0,0,100.0,58,17.0,120.0,60,10.2,180.0,88,8.1,5.0,2.0,1.35,1,0
48,200,415,4000.0,1,0,0,250.0,145,42.5,300.0,150,25.5,350.0,171,15.75,15.0,7.0,4.05,7,1
22,90,510,1800.0,0,0,0,130.0,75,22.1,140.0,70,11.9,200.0,98,9.0,6.0,3.0,1.62,2,0
30,110,408,2200.0,0,1,15,180.0,104,30.6,220.0,110,18.7,260.0,127,11.7,9.0,4.0,2.43,4,1
18,70,415,1500.0,0,0,0,90.0,52,15.3,100.0,50,8.5,150.0,73,6.75,4.0,2.0,1.08,0,0
40,180,510,3500.0,1,1,25,300.0,174,51.0,350.0,175,29.75,400.0,196,18.0,18.0,8.0,4.86,6,1
2,25,408,800.0,0,0,0,70.0,41,11.9,80.0,40,6.8,120.0,59,5.4,3.0,1.0,0.81,1,0
27,140,415,2600.0,0,1,10,220.0,128,37.4,260.0,130,22.1,280.0,137,12.6,11.0,5.0,2.97,3,1
15,60,510,1700.0,0,0,0,110.0,64,18.7,140.0,70,11.9,190.0,93,8.55,7.0,3.0,1.89,2,0
38,210,408,4200.0,1,0,0,310.0,180,52.7,380.0,190,32.3,420.0,206,18.9,20.0,9.0,5.4,8,1
8,35,415,900.0,0,0,0,60.0,35,10.2,70.0,35,5.95,80.0,39,3.6,2.0,1.0,0.54,0,0
45,190,510,3100.0,0,1,12,260.0,151,44.2,310.0,155,26.35,330.0,161,14.85,14.0,6.0,3.78,4,1
23,95,408,1400.0,0,0,0,140.0,81,23.8,160.0,80,13.6,170.0,83,7.65,6.0,3.0,1.62,1,0
50,220,415,4800.0,1,1,30,330.0,191,56.1,360.0,180,30.6,460.0,225,20.7,22.0,10.0,5.94,9,1
4,20,510,400.0,0,0,0,80.0,46,13.6,90.0,45,7.65,100.0,49,4.5,3.0,1.0,0.81,0,0
28,130,415,2700.0,0,1,18,190.0,110,32.3,240.0,120,20.4,260.0,127,11.7,12.0,5.0,3.24,3,1
16,55,408,1300.0,0,0,0,100.0,58,17.0,120.0,60,10.2,180.0,88,8.1,5.0,2.0,1.35,2,0
42,170,510,3500.0,1,0,0,280.0,162,47.6,320.0,160,27.2,360.0,176,16.2,18.0,8.0,4.86,6,1
9,40,415,1100.0,0,0,0,70.0,41,11.9,80.0,40,6.8,120.0,59,5.4,3.0,1.0,0.81,1,0
35,160,408,4100.0,0,1,20,260.0,151,44.2,310.0,155,26.35,330.0,161,14.85,14.0,6.0,3.78,5,1
6,30,510,700.0,0,0,0,90.0,52,15.3,100.0,50,8.5,150.0,73,6.75,4.0,2.0,1.08,0,0
47,200,415,4600.0,1,1,35,350.0,203,59.5,400.0,200,34.0,440.0,215,19.8,20.0,9.0,5.4,7,1
11,50,408,1200.0,0,0,0,120.0,70,20.4,140.0,70,11.9,200.0,98,9.0,6.0,3.0,1.62,2,0
12,80,415,3000.0,0,0,0,200.0,90,34.0,210.0,100,35.7,210.0,100,9.45,10.0,5.0,2.7,1,0
30,120,408,4000.0,0,1,20,250.0,120,42.5,260.0,115,44.2,260.0,115,11.7,12.0,6.0,3.24,2,1
5,55,510,2000.0,0,0,0,150.0,70,25.5,170.0,80,28.9,170.0,80,7.65,5.0,2.0,1.35,0,0
45,200,415,4500.0,0,1,30,300.0,140,51.0,310.0,150,52.7,310.0,150,13.95,6.0,3.0,1.62,3,1
22,90,408,2500.0,0,0,0,180.0,80,30.6,190.0,90,32.3,190.0,90,8.55,6.0,2.0,1.62,1,0
18,70,510,3500.0,1,1,15,220.0,110,37.4,230.0,115,39.1,230.0,115,10.35,15.0,7.0,4.05,4,1
28,110,415,3200.0,0,0,0,160.0,75,27.2,165.0,85,28.05,165.0,85,7.425,4.0,1.0,1.08,2,0
35,140,408,4100.0,0,1,25,280.0,130,47.6,290.0,140,49.3,290.0,140,13.05,9.0,4.0,2.43,5,1
12,60,510,2800.0,0,0,0,190.0,95,32.3,200.0,100,34.0,200.0,100,9.0,7.0,3.0,1.89,0,0
40,180,415,4300.0,0,1,28,310.0,150,52.7,320.0,155,54.4,320.0,155,14.4,10.0,5.0,2.7,6,1
15,75,408,2600.0,0,0,0,140.0,70,23.8,150.0,60,25.5,150.0,60,6.75,3.0,1.0,0.81,1,0
20,95,510,3000.0,0,1,18,260.0,120,44.2,270.0,125,45.9,270.0,125,12.15,5.0,2.0,1.35,2,1
25,130,415,3500.0,0,0,0,170.0,80,28.9,180.0,90,30.6,180.0,90,8.1,4.0,1.0,1.08,3,0
38,160,408,4200.0,1,0,0,240.0,110,40.8,250.0,115,42.5,250.0,115,11.25,12.0,6.0,3.24,4,1
55,140,510,2700.0,0,0,0,130.0,65,22.1,140.0,70,23.8,140.0,70,6.3,2.0,1.0,0.54,0,0
42,190,415,4400.0,0,1,32,290.0,140,49.3,300.0,145,51.0,300.0,145,13.5,6.0,2.0,1.62,5,1
18,70,408,2600.0,0,0,0,150.0,75,25.5,160.0,80,27.2,160.0,80,7.2,3.0,1.0,0.81,1,0
30,140,510,3800.0,1,1,24,320.0,160,54.4,330.0,165,56.1,330.0,165,14.85,13.0,7.0,3.51,6,1
22,85,415,3100.0,0,0,0,180.0,90,30.6,190.0,95,32.3,190.0,95,8.55,5.0,2.0,1.35,2,0
27,110,408,3600.0,0,0,0,210.0,105,35.7,220.0,110,37.4,220.0,110,9.9,4.0,1.0,1.08,3,1
8,45,510,2400.0,0,0,0,140.0,70,23.8,150.0,75,25.5,150.0,75,6.75,2.0,1.0,0.54,0,0
35,170,415,4100.0,0,1,27,300.0,150,51.0,310.0,155,52.7,310.0,155,13.95,10.0,4.0,2.7,4,1
20,60,408,2800.0,0,0,0,160.0,80,27.2,170.0,85,28.9,170.0,85,7.65,3.0,1.0,0.81,1,0
32,150,510,4200.0,0,0,0,250.0,125,42.5,260.0,130,44.2,260.0,130,11.7,5.0,2.0,1.35,2,1
14,70,415,2600.0,0,0,0,120.0,60,20.4,130.0,65,22.1,130.0,65,5.85,1.0,0.0,0.27,0,0
10,120,415,2000.0,0,0,0,150.0,100,25.5,200.0,110,17.0,250.0,120,11.25,5.0,2.0,1.35,1,1
25,200,408,3500.0,0,1,20,200.0,120,34.0,250.0,140,21.25,300.0,140,13.5,8.0,3.0,2.16,2,1
5,80,510,1300.0,1,0,0,100.0,80,17.0,180.0,100,15.3,200.0,110,9.0,0.0,0.0,0.0,0,0
40,150,415,4000.0,0,0,0,250.0,140,42.5,300.0,130,25.5,350.0,150,15.75,12.0,4.0,3.24,3,1
12,90,408,1800.0,0,1,15,120.0,110,20.4,220.0,120,18.7,260.0,130,11.7,6.0,1.0,1.62,4,0
30,170,510,2500.0,0,0,0,180.0,130,30.6,260.0,140,22.1,310.0,140,13.95,9.0,2.0,2.43,5,1
8,60,415,900.0,1,0,0,90.0,80,15.3,150.0,90,12.75,180.0,100,8.1,0.0,0.0,0.0,6,0
45,210,408,4800.0,0,1,25,220.0,150,37.4,320.0,150,27.2,360.0,160,16.2,10.0,3.0,2.7,7,1
18,110,510,2200.0,0,0,0,140.0,100,23.8,190.0,110,16.15,210.0,120,9.45,4.0,1.0,1.08,8,0
35,140,415,3000.0,0,0,0,260.0,160,44.2,330.0,160,28.05,380.0,160,17.1,15.0,5.0,4.05,9,1
22,95,408,1500.0,0,1,10,110.0,90,18.7,170.0,100,14.45,240.0,120,10.8,7.0,2.0,1.89,1,0
28,160,510,2700.0,0,0,0,190.0,140,32.3,280.0,140,23.8,330.0,140,14.85,11.0,3.0,2.97,2,1
4,45,415,900.0,1,0,0,80.0,70,13.6,140.0,80,11.9,190.0,100,8.55,0.0,0.0,0.0,6,0
48,220,408,4600.0,0,1,30,240.0,150,40.8,310.0,150,26.35,360.0,150,16.2,12.0,4.0,3.24,4,1
15,70,510,1300.0,0,0,0,100.0,80,17.0,150.0,90,12.75,200.0,110,9.0,3.0,1.0,0.81,5,0
38,190,415,3500.0,0,0,0,270.0,170,45.9,340.0,170,28.9,400.0,170,18.0,18.0,6.0,4.86,6,1
9,60,408,1100.0,0,1,12,90.0,80,15.3,140.0,90,11.9,190.0,100,8.55,5.0,1.0,1.35,7,0
42,210,510,4800.0,0,0,0,260.0,160,44.2,330.0,160,28.05,380.0,160,17.1,15.0,5.0,4.05,8,1
3,40,415,700.0,1,0,0,70.0,60,11.9,120.0,70,10.2,170.0,90,7.65,0.0,0.0,0.0,9,0
47,230,408,4900.0,0,1,35,280.0,170,47.6,350.0,170,29.75,410.0,170,18.45,16.0,6.0,4.32,1,1
20,100,510,1900.0,0,0,0,130.0,90,22.1,160.0,100,13.6,210.0,120,9.45,4.0,1.0,1.08,2,0
36,200,415,3600.0,0,0,0,250.0,150,42.5,310.0,150,26.35,360.0,150,16.2,12.0,4.0,3.24,3,1
11,80,408,1400.0,0,1,18,110.0,90,18.7,170.0,100,14.45,240.0,120,10.8,7.0,2.0,1.89,4,0
25,150,510,2600.0,0,0,0,190.0,140,32.3,280.0,140,23.8,330.0,140,14.85,11.0,3.0,2.97,5,1
12,120,415,2500.0,0,0,0,200.0,90,34.02,180.0,100,15.3,210.0,100,9.45,10.0,5.0,2.7,1,0
25,80,415,3000.0,0,1,20,250.0,110,42.53,210.0,115,17.85,190.0,95,8.55,12.0,6.0,3.24,1,0
8,150,415,4000.0,0,0,0,300.0,140,51.03,250.0,130,21.25,260.0,120,11.7,15.0,8.0,4.05,1,0
30,200,415,3500.0,0,1,10,180.0,95,30.62,190.0,110,16.15,210.0,100,9.45,8.0,4.0,2.16,1,0
18,90,415,2000.0,1,1,30,220.0,120,37.42,210.0,115,17.85,190.0,95,8.55,9.0,5.0,2.43,2,0
22,110,415,2600.0,0,0,0,260.0,130,44.23,240.0,125,20.4,230.0,115,10.35,11.0,7.0,2.97,1,0
5,70,415,1500.0,0,1,15,140.0,80,23.81,170.0,90,14.45,190.0,95,8.55,7.0,3.0,1.89,1,0
27,140,415,3200.0,0,0,0,310.0,150,52.73,260.0,140,22.1,240.0,120,10.8,13.0,9.0,3.51,1,0
14,60,415,1800.0,0,0,0,170.0,90,28.92,190.0,110,16.15,210.0,100,9.45,9.0,5.0,2.43,1,0
19,95,415,2200.0,0,1,25,190.0,100,32.32,210.0,115,17.85,190.0,95,8.55,8.0,4.0,2.16,1,0
23,130,415,2800.0,0,0,0,240.0,120,40.82,230.0,125,19.55,220.0,110,9.9,10.0,6.0,2.7,1,0
4,50,415,1200.0,0,1,5,130.0,70,22.11,140.0,80,11.9,160.0,80,7.2,6.0,3.0,1.62,1,0
16,110,415,2600.0,0,0,0,260.0,140,44.23,240.0,125,20.4,230.0,115,10.35,11.0,7.0,2.97,1,1
9,80,408,1900.0,1,1,35,200.0,110,34.02,210.0,115,17.85,190.0,95,8.55,9.0,5.0,2.43,2,1
21,140,415,3100.0,0,1,20,280.0,150,47.63,260.0,140,22.1,240.0,120,10.8,13.0,9.0,3.51,1,1
7,60,415,1700.0,0,0,0,150.0,80,25.52,170.0,90,14.45,190.0,95,8.55,7.0,3.0,1.89,1,1
13,95,415,2300.0,0,1,15,190.0,110,32.32,210.0,115,17.85,190.0,95,8.55,8.0,4.0,2.16,1,1
5,70,415,1400.0,0,0,0,140.0,70,23.81,140.0,80,11.9,160.0,80,7.2,6.0,3.0,1.62,0,1
18,120,415,2700.0,0,1,25,210.0,120,35.72,230.0,125,19.55,220.0,110,9.9,10.0,6.0,2.7,2,1
11,90,408,1900.0,1,1,40,190.0,110,32.32,210.0,115,17.85,190.0,95,8.55,9.0,5.0,2.43,1,1
2,50,415,1200.0,0,0,0,120.0,60,20.41,120.0,70,10.2,140.0,70,6.3,5.0,2.0,1.35,0,1
20,110,415,2500.0,0,1,30,250.0,120,42.53,210.0,115,17.85,190.0,95,8.55,9.0,5.0,2.43,1,1
15,80,415,2000.0,0,0,0,200.0,90,34.02,190.0,110,16.15,210.0,100,9.45,8.0,4.0,2.16,1,1
6,70,510,1500.0,0,1,10,140.0,80,23.81,170.0,90,14.45,190.0,95,8.55,7.0,3.0,1.89,1,1
12,100,510,2100.0,0,0,0,210.0,110,35.72,210.0,115,17.85,190.0,95,8.55,9.0,5.0,2.43,1,1
12,120,415,3000.0,0,0,0,180.0,105,30.6,200.0,100,17.0,210.0,110,9.45,10.0,4.0,2.7,1,0
27,150,415,2500.0,0,0,0,160.0,95,27.2,190.0,95,16.15,200.0,100,9.0,9.5,4.0,2.565,2,1
5,80,415,1800.0,0,1,12,140.0,80,23.8,170.0,85,14.45,190.0,95,8.55,8.0,3.0,2.16,0,0
40,200,415,4000.0,0,0,0,220.0,120,37.4,150.0,75,12.75,250.0,110,11.25,12.0,5.0,3.24,3,1
18,90,415,2100.0,0,0,0,170.0,90,28.9,180.0,90,15.3,210.0,105,9.45,9.0,4.0,2.43,1,0
30,110,415,2600.0,0,0,0,190.0,100,32.3,160.0,80,13.6,220.0,110,9.9,10.5,5.0,2.835,4,1
22,140,415,3200.0,0,1,25,210.0,115,35.7,140.0,70,11.9,240.0,115,10.8,11.0,6.0,2.97,5,0
8,60,415,1500.0,0,1,5,150.0,75,25.5,130.0,65,10.2,190.0,95,8.55,9.0,4.0,2.43,0,1
35,170,415,3800.0,0,0,0,230.0,125,39.1,140.0,70,11.9,260.0,120,11.7,13.0,6.0,3.51,6,1
15,95,415,1900.0,0,0,0,160.0,85,27.2,170.0,85,14.45,200.0,100,9.0,10.0,5.0,2.7,7,0
28,130,415,2700.0,0,1,30,210.0,110,35.7,150.0,75,12.75,230.0,115,10.35,11.5,5.0,3.105,8,1
2,50,415,2200.0,0,0,0,140.0,70,23.8,160.0,80,13.6,210.0,105,9.45,9.5,4.0,2.565,9,1
19,110,415,3100.0,0,0,0,190.0,95,32.3,140.0,70,11.9,220.0,110,9.9,10.5,5.0,2.835,1,1
10,70,408,1800.0,0,0,0,150.0,80,25.5,140.0,70,11.9,210.0,105,9.45,9.5,4.0,2.565,2,0
23,120,408,2200.0,0,1,15,170.0,90,28.9,160.0,80,13.6,230.0,115,10.35,10.5,5.0,2.835,3,1
5,55,408,1400.0,0,0,0,130.0,70,22.1,120.0,60,10.2,190.0,95,8.55,9.0,4.0,2.43,4,0
30,140,408,2600.0,0,0,0,200.0,110,34.0,140.0,70,11.9,240.0,120,10.8,11.0,6.0,2.97,5,1
12,80,408,1900.0,0,0,0,160.0,85,27.2,170.0,85,14.45,200.0,100,9.0,10.0,5.0,2.7,6,0
7,60,510,1600.0,0,1,20,140.0,80,23.8,150.0,75,12.75,210.0,105,9.45,9.5,4.0,2.565,7,1
25,130,510,2400.0,0,0,0,170.0,90,28.9,160.0,80,13.6,230.0,115,10.35,10.5,5.0,2.835,8,0
18,90,510,2000.0,0,0,0,150.0,80,25.5,140.0,70,11.9,210.0,105,9.45,9.5,4.0,2.43,9,0
20,110,510,2300.0,0,0,0,160.0,85,27.2,150.0,75,12.75,220.0,110,9.9,10.5,5.0,2.835,0,0
9,70,415,1700.0,1,0,0,140.0,80,23.8,150.0,75,12.75,210.0,105,9.45,9.5,4.0,2.565,1,1
11,90,415,1900.0,1,1,22,160.0,90,27.2,170.0,85,14.45,200.0,100,9.0,10.0,5.0,2.7,2,0
13,100,415,2100.0,1,0,0,180.0,100,30.6,160.0,80,13.6,220.0,110,9.9,10.5,5.0,2.835,3,1
12,80,415,2500.0,0,0,0,150.0,90,25.5,200.0,110,17.0,220.0,100,9.9,10.0,5.0,2.7,2,1
35,150,510,4000.0,0,0,0,200.0,120,34.0,250.0,140,21.25,260.0,120,11.7,12.0,6.0,3.24,1,1
5,30,408,1500.0,1,0,0,100.0,70,17.0,150.0,90,12.75,180.0,80,8.1,8.0,4.0,2.16,3,1
48,200,415,3000.0,0,1,25,120.0,80,20.4,170.0,100,14.45,190.0,90,8.55,9.0,3.0,2.43,0,1
22,90,510,2200.0,0,0,0,140.0,95,23.8,210.0,110,17.85,230.0,100,10.35,11.0,5.0,2.97,4,1
30,120,408,1800.0,0,0,0,160.0,110,27.2,190.0,120,16.15,210.0,110,9.45,10.5,4.0,2.84,2,1
8,50,415,1300.0,0,0,0,130.0,85,22.1,160.0,95,13.6,200.0,90,9.0,9.5,3.0,2.57,1,1
40,170,510,3500.0,0,0,0,180.0,115,30.6,220.0,130,18.7,240.0,110,10.8,12.5,6.0,3.38,0,0
15,60,408,1900.0,0,0,0,110.0,75,18.7,140.0,85,11.9,170.0,80,7.65,7.0,2.0,1.89,3,0
27,140,415,2600.0,0,1,15,140.0,90,23.8,190.0,110,16.15,210.0,100,9.45,10.0,4.0,2.7,2,1
19,110,510,2800.0,0,0,0,170.0,105,28.9,210.0,120,17.85,230.0,110,10.35,11.5,5.0,3.11,1,0
45,200,408,3200.0,0,0,0,190.0,120,32.3,240.0,130,20.4,250.0,120,11.25,13.0,6.0,3.51,0,0
3,20,415,800.0,1,0,0,90.0,60,15.3,110.0,70,9.35,140.0,70,6.3,5.0,1.0,1.35,4,0
38,160,510,3100.0,0,1,20,150.0,95,25.5,200.0,110,17.0,220.0,100,9.9,10.0,4.0,2.7,2,1
23,90,408,2100.0,0,0,0,130.0,80,22.1,170.0,100,14.45,190.0,90,8.55,9.0,3.0,2.43,3,0
31,130,415,2700.0,0,0,0,160.0,110,27.2,190.0,120,16.15,210.0,110,9.45,10.5,4.0,2.84,1,0
6,40,510,1400.0,0,0,0,120.0,70,20.4,150.0,90,12.75,180.0,80,8.1,8.0,3.0,2.16,0,0
42,190,408,3300.0,0,1,30,170.0,110,28.9,210.0,120,17.85,230.0,110,10.35,11.5,5.0,3.11,2,1
14,70,415,1900.0,0,0,0,110.0,75,18.7,140.0,85,11.9,170.0,80,7.65,7.0,2.0,1.89,5,1
29,140,510,2600.0,1,1,35,140.0,90,23.8,190.0,110,16.15,210.0,100,9.45,10.0,4.0,2.7,1,1
21,110,408,2400.0,0,0,0,150.0,95,25.5,200.0,110,17.0,220.0,100,9.9,10.0,4.0,2.7,0,0
47,210,415,3400.0,0,0,0,190.0,120,32.3,240.0,130,20.4,250.0,120,11.25,13.0,6.0,3.51,3,0
4,25,510,900.0,0,0,0,100.0,80,17.0,150.0,90,12.75,180.0,80,8.1,8.0,3.0,2.16,2,0
36,150,408,2800.0,0,1,28,140.0,90,23.8,190.0,110,16.15,210.0,100,9.45,10.0,4.0,2.7,1,1
18,80,415,2000.0,0,0,0,120.0,70,20.4,150.0,90,12.75,180.0,80,8.1,8.0,3.0,2.16,0,0
12,90,415,2000.0,0,0,0,150.0,95,25.5,200.0,100,17.0,250.0,110,11.25,10.0,4.0,2.7,1,0
35,150,408,3500.0,0,0,0,200.0,110,34.0,250.0,120,21.25,300.0,130,13.5,12.0,5.0,3.24,2,1
8,70,415,1200.0,0,0,0,120.0,80,20.4,180.0,90,15.3,220.0,100,9.9,8.0,3.0,2.16,1,0
45,200,510,4000.0,1,1,25,250.0,140,42.5,300.0,140,25.5,350.0,150,15.75,15.0,8.0,4.05,3,1
20,110,415,2500.0,0,0,0,180.0,100,30.6,220.0,110,18.7,260.0,120,11.7,9.5,4.0,2.57,1,0
30,140,408,3000.0,0,0,0,160.0,90,27.2,210.0,95,17.85,240.0,110,10.8,11.0,5.0,2.97,2,1
5,60,415,1800.0,0,0,0,140.0,85,23.8,190.0,80,16.15,210.0,95,9.45,7.5,3.0,2.03,1,0
38,170,510,3500.0,0,0,0,220.0,120,37.4,260.0,130,22.1,310.0,140,13.95,13.0,6.0,3.51,2,1
15,80,415,2200.0,0,0,0,130.0,75,22.1,170.0,85,14.45,190.0,90,8.55,6.5,3.0,1.76,1,0
25,120,408,2800.0,0,0,0,190.0,110,32.3,240.0,115,20.4,280.0,125,12.6,12.0,5.0,3.24,1,1
40,200,415,4500.0,0,0,0,260.0,150,44.2,320.0,140,27.2,360.0,155,16.2,18.0,9.0,4.86,4,0
10,50,510,1500.0,0,0,0,110.0,70,18.7,140.0,60,11.9,170.0,80,7.65,8.0,4.0,2.16,0,1
28,130,408,2600.0,0,0,0,170.0,95,28.9,210.0,100,17.85,240.0,110,10.8,11.0,5.0,2.97,2,1
18,60,415,1600.0,0,0,0,120.0,70,20.4,160.0,80,13.6,190.0,90,8.55,6.5,3.0,1.76,1,0
32,150,510,3000.0,0,0,0,210.0,120,35.7,260.0,130,22.1,310.0,140,13.95,13.0,6.0,3.51,2,1
12,70,415,1700.0,0,0,0,130.0,80,22.1,170.0,90,15.3,210.0,95,9.45,7.5,3.0,2.03,1,0
27,110,408,2400.0,0,0,0,150.0,90,25.5,190.0,100,16.15,240.0,110,10.8,11.0,5.0,2.97,2,1
5,40,415,1200.0,0,0,0,110.0,70,18.7,140.0,60,11.9,170.0,80,7.65,8.0,4.0,2.16,0,0
35,140,510,3200.0,0,0,0,190.0,110,32.3,240.0,115,20.4,280.0,125,12.6,12.0,5.0,3.24,1,1
20,90,415,2000.0,0,0,0,140.0,80,23.8,180.0,90,15.3,210.0,95,9.45,7.5,3.0,2.03,1,0
30,120,408,2600.0,0,0,0,170.0,95,28.9,210.0,100,17.85,240.0,110,10.8,11.0,5.0,2.97,2,1
15,70,415,1500.0,0,0,0,120.0,70,20.4,160.0,80,13.6,190.0,90,8.55,6.5,3.0,1.76,1,0
40,180,510,3500.0,0,0,0,220.0,120,37.4,260.0,130,22.1,310.0,140,13.95,13.0,6.0,3.51,2,1
8,50,415,1000.0,0,0,0,90.0,60,15.3,120.0,50,10.2,140.0,70,6.3,5.0,2.0,1.35,0,0
22,110,408,2100.0,0,0,0,150.0,90,25.5,190.0,100,16.15,240.0,110,10.8,11.0,5.0,2.97,2,1
12,80,415,2500.0,0,0,0,150.0,90,25.5,200.0,100,17.0,210.0,110,9.45,10.0,5.0,2.7,2,1
27,120,415,3000.0,0,1,25,200.0,100,34.0,140.0,80,12.75,180.0,90,8.1,12.0,6.0,3.24,1,1
5,50,408,1500.0,0,0,0,110.0,70,18.7,90.0,60,8.5,140.0,70,6.3,5.0,3.0,1.35,0,1
40,200,415,4000.0,1,0,0,240.0,120,40.8,170.0,110,14.45,190.0,95,8.55,15.0,6.0,4.05,0,1
22,90,510,2000.0,0,1,30,170.0,80,28.9,140.0,80,11.05,160.0,80,7.2,8.0,4.0,2.16,0,0
18,110,415,3500.0,0,0,0,140.0,90,23.8,120.0,90,10.2,190.0,95,8.55,9.0,5.0,2.43,0,0
30,150,408,2500.0,0,1,20,230.0,110,39.1,150.0,90,12.75,150.0,85,6.75,7.0,4.0,1.89,2,1
8,70,415,1800.0,0,0,0,140.0,80,23.8,120.0,90,10.2,170.0,90,7.65,6.0,2.0,1.62,1,0
35,160,510,3000.0,0,1,15,190.0,100,32.3,140.0,80,11.9,160.0,80,7.2,10.0,4.0,2.7,0,0
10,80,408,2500.0,1,0,0,130.0,70,22.1,120.0,70,10.2,140.0,70,6.3,5.0,3.0,1.35,6,0
28,140,415,2600.0,0,1,40,210.0,90,35.7,130.0,80,11.05,150.0,85,6.75,8.0,4.0,2.16,2,1
0,200,415,4000.0,0,0,0,240.0,120,40.8,170.0,110,14.45,190.0,95,8.55,12.0,6.0,3.24,1,0
15,80,408,1500.0,0,0,0,110.0,60,18.7,90.0,60,7.65,140.0,60,6.3,4.0,2.0,1.08,1,0
23,110,510,2800.0,0,1,35,170.0,80,28.9,140.0,80,11.9,140.0,80,6.3,9.0,3.0,2.43,2,0
19,90,415,2200.0,0,0,0,140.0,70,23.8,120.0,70,10.2,140.0,70,6.3,5.0,3.0,1.35,0,0
26,140,415,2600.0,0,1,45,230.0,110,39.1,150.0,90,12.75,160.0,80,7.2,10.0,4.0,2.7,1,1
6,70,408,1800.0,0,0,0,120.0,70,20.4,100.0,70,8.5,140.0,70,6.3,5.0,3.0,1.35,1,0
34,160,415,3500.0,0,1,50,260.0,140,44.2,170.0,110,14.45,190.0,95,8.55,12.0,6.0,3.24,2,1
10,80,510,2500.0,0,0,0,140.0,120,23.8,120.0,120,10.2,140.0,120,6.3,11.0,5.0,2.97,2,0
21,110,415,3000.0,0,1,30,200.0,100,34.0,140.0,80,11.9,160.0,80,7.2,9.0,4.0,2.43,2,1
13,90,408,2000.0,0,0,0,120.0,70,20.4,100.0,70,8.5,140.0,70,6.3,5.0,3.0,1.35,2,0
27,140,415,2600.0,0,1,35,210.0,90,35.7,140.0,80,11.05,150.0,85,6.75,8.0,4.0,2.16,1,1
9,70,510,1800.0,0,0,0,140.0,120,23.8,120.0,120,10.2,140.0,120,6.3,11.0,5.0,2.97,1,0
31,150,415,3000.0,0,1,20,190.0,100,32.3,140.0,80,11.9,160.0,80,7.2,9.0,4.0,2.43,2,1
14,110,408,2200.0,0,0,0,130.0,70,22.1,120.0,70,10.2,140.0,70,6.3,5.0,3.0,1.35,9,0
20,120,415,3000.0,0,0,0,200.0,100,34.0,250.0,120,21.25,200.0,100,9.0,10.0,5.0,2.7,1,0
35,180,415,4000.0,0,1,10,150.0,90,25.5,200.0,110,17.0,180.0,90,8.1,8.0,4.0,2.16,2,0
5,90,510,2000.0,1,0,5,100.0,60,17.0,150.0,80,12.75,120.0,60,5.4,6.0,3.0,1.62,0,0
45,200,415,4500.0,0,1,20,250.0,130,42.5,300.0,140,25.5,250.0,120,11.25,12.0,6.0,3.24,3,0
12,80,415,1500.0,0,1,0,180.0,110,30.6,220.0,100,18.7,210.0,100,9.45,9.0,4.0,2.43,1,0
27,140,510,3500.0,0,0,15,140.0,90,23.8,190.0,90,16.15,170.0,80,7.65,7.0,3.0,1.89,4,0
22,110,415,2500.0,0,1,12,160.0,100,27.2,210.0,95,17.85,190.0,95,8.55,8.5,4.0,2.295,1,0
38,170,408,4200.0,0,0,0,220.0,120,37.4,260.0,110,22.1,240.0,110,10.8,11.0,5.0,2.97,2,0
8,60,415,1900.0,1,1,8,90.0,70,15.3,140.0,70,11.9,110.0,70,4.95,5.5,2.0,1.485,0,1
25,130,415,3100.0,0,0,0,190.0,110,32.3,230.0,100,19.55,210.0,100,9.45,9.5,4.0,2.565,3,0
40,210,408,4700.0,0,1,25,260.0,140,44.2,310.0,150,26.35,280.0,140,12.6,13.0,7.0,3.51,1,1
15,85,415,2200.0,0,0,5,120.0,80,20.4,170.0,90,14.45,150.0,80,6.75,7.5,3.0,2.025,2,1
18,70,415,2600.0,0,1,10,140.0,90,23.8,190.0,95,16.15,170.0,90,7.65,7.0,3.0,1.89,1,1
32,150,408,3800.0,0,0,0,210.0,110,35.7,250.0,110,21.25,240.0,110,10.8,10.5,5.0,2.835,0,0
6,40,510,1900.0,1,1,3,80.0,60,13.6,120.0,70,10.2,100.0,60,4.5,4.0,1.0,1.08,0,1
27,120,415,3300.0,0,1,18,170.0,100,28.9,210.0,95,17.85,190.0,95,8.55,8.5,4.0,2.295,2,0
14,85,408,2800.0,0,0,0,140.0,90,23.8,190.0,90,16.15,170.0,90,7.65,7.0,3.0,1.89,1,1
48,190,510,4600.0,0,0,22,240.0,120,40.8,260.0,110,22.1,240.0,110,10.8,11.0,5.0,2.97,3,0
3,30,415,1200.0,0,1,2,70.0,50,11.9,90.0,50,7.65,70.0,50,3.15,3.0,1.0,0.81,0,1
41,160,408,4100.0,0,0,0,230.0,120,39.1,260.0,110,22.1,240.0,110,10.8,10.5,5.0,2.835,4,0
19,95,510,2500.0,1,1,12,110.0,80,18.7,140.0,70,11.9,110.0,70,4.95,5.5,2.0,1.485,1,1
23,140,415,3000.0,0,0,0,190.0,110,32.3,230.0,100,19.55,210.0,100,9.45,9.5,4.0,2.565,2,0
7,55,408,1700.0,0,1,5,120.0,90,20.4,170.0,90,14.45,150.0,80,6.75,7.5,3.0,2.025,0,1
34,200,510,4800.0,0,0,20,260.0,140,44.2,310.0,150,26.35,280.0,140,12.6,13.0,7.0,3.51,1,1
11,70,415,1900.0,0,0,0,140.0,90,23.8,190.0,95,16.15,170.0,95,7.65,7.0,3.0,1.89,3,0
10,120,415,2000.0,0,0,0,200.0,100,34.0,250.0,110,21.25,220.0,110,9.9,5.0,2.0,1.35,1,0
5,90,415,1500.0,0,1,30,150.0,80,25.5,180.0,90,15.3,190.0,95,8.55,3.0,1.0,0.81,2,1
12,110,408,1800.0,0,0,0,120.0,70,20.4,140.0,70,11.9,160.0,80,7.2,2.0,1.0,0.54,1,0
8,140,510,2500.0,1,1,35,260.0,130,44.2,300.0,140,25.5,280.0,140,12.6,18.0,6.0,4.86,5,1
15,130,415,1900.0,0,0,0,180.0,90,30.6,210.0,100,17.85,200.0,100,9.0,4.5,2.0,1.215,1,0
7,95,408,1700.0,0,1,25,160.0,80,27.2,190.0,90,16.15,170.0,85,7.65,3.5,1.0,0.945,2,1
20,100,510,2100.0,0,0,0,140.0,70,23.8,150.0,70,12.75,140.0,70,6.3,2.5,1.0,0.675,0,0
10,120,415,2000.0,0,0,0,200.0,110,34.0,240.0,120,20.4,220.0,110,9.9,5.5,2.0,1.485,1,0
8,120,408,1700.0,0,1,30,160.0,90,27.2,190.0,100,16.15,180.0,90,8.1,3.5,1.0,0.945,3,1
25,90,510,1700.0,0,0,0,130.0,70,22.1,160.0,80,13.6,150.0,75,6.75,2.0,1.0,0.54,0,0
12,120,415,1900.0,0,1,35,190.0,100,32.3,210.0,110,17.85,200.0,100,9.0,4.0,2.0,1.08,2,1
19,110,408,1700.0,0,0,0,140.0,80,23.8,150.0,80,12.75,140.0,70,6.3,2.5,1.0,0.675,1,0
2,160,510,2600.0,1,1,50,280.0,140,47.6,320.0,150,27.2,300.0,150,13.5,20.0,7.0,5.4,6,1
23,120,415,1900.0,0,0,0,160.0,90,27.2,190.0,100,16.15,170.0,85,7.65,3.5,1.0,0.945,1,0
16,110,408,1700.0,0,1,27,150.0,80,25.5,170.0,90,14.45,160.0,80,7.2,3.0,1.0,0.81,2,1
28,80,510,1400.0,0,0,0,110.0,60,18.7,120.0,60,10.2,120.0,60,5.4,1.5,1.0,0.405,0,1
12,120,415,2000.0,0,0,0,150.0,100,25.5,200.0,110,17.0,210.0,110,9.45,5.0,3.0,1.35,2,1
30,200,408,3000.0,1,1,40,200.0,120,34.0,250.0,130,21.25,180.0,90,8.1,10.0,5.0,2.7,1,1
5,50,510,1500.0,0,0,0,100.0,80,17.0,150.0,90,12.75,140.0,70,6.3,3.0,2.0,0.81,0,1
45,180,415,4000.0,0,1,30,250.0,140,42.5,300.0,150,25.5,220.0,110,9.9,12.0,6.0,3.24,3,1
22,90,408,2500.0,0,0,0,120.0,90,20.4,180.0,110,15.3,160.0,80,7.2,8.0,4.0,2.16,4,1
18,70,510,1800.0,1,0,0,140.0,100,23.8,190.0,120,16.15,170.0,90,7.65,9.0,5.0,2.43,5,0
8,60,415,2200.0,0,0,0,160.0,120,27.2,210.0,130,17.85,190.0,100,8.55,7.0,3.0,1.89,6,0
35,140,408,3500.0,0,1,25,180.0,110,30.6,220.0,120,18.7,210.0,110,9.45,11.0,5.0,2.97,7,0
28,110,510,2600.0,0,0,0,130.0,100,22.1,190.0,110,16.15,170.0,90,7.65,6.0,3.0,1.62,8,0
15,80,415,1700.0,0,0,0,110.0,90,18.7,160.0,100,13.6,140.0,70,6.3,4.0,2.0,1.08,9,1
40,200,408,4200.0,1,1,35,260.0,150,44.2,310.0,160,26.35,240.0,120,10.8,13.0,7.0,3.51,0,1
2,30,510,1200.0,0,0,0,90.0,70,15.3,140.0,80,11.9,120.0,60,5.4,2.0,1.0,0.54,0,0
25,150,415,3000.0,0,1,20,170.0,120,28.9,230.0,140,19.55,200.0,100,9.0,10.0,5.0,2.7,2,1
10,70,408,1900.0,0,0,0,140.0,110,23.8,190.0,120,16.15,170.0,90,7.65,8.0,4.0,2.16,3,0
32,170,510,3800.0,0,0,0,240.0,140,40.8,260.0,130,22.1,190.0,100,8.55,9.0,4.0,2.43,4,0
7,40,415,1600.0,0,1,15,130.0,100,22.1,170.0,110,14.45,150.0,80,6.75,7.0,3.0,1.89,5,1
23,110,408,2600.0,0,0,0,150.0,110,25.5,200.0,120,17.0,170.0,90,7.65,8.0,4.0,2.16,6,0
19,90,510,2100.0,1,0,0,140.0,100,23.8,190.0,110,16.15,160.0,80,7.2,6.0,3.0,1.62,7,0
14,60,415,1400.0,0,0,0,120.0,90,20.4,170.0,100,14.45,140.0,70,6.3,5.0,2.0,1.35,8,1
38,190,408,4100.0,0,1,25,260.0,150,44.2,310.0,160,26.35,240.0,120,10.8,12.0,6.0,3.24,9,0
6,40,510,1200.0,0,0,0,90.0,70,15.3,140.0,80,11.9,120.0,60,5.4,2.0,1.0,0.54,0,0
27,130,415,2800.0,0,0,0,190.0,120,32.3,240.0,140,20.4,210.0,110,9.45,9.0,4.0,2.43,1,1
9,50,408,1700.0,0,1,10,140.0,100,23.8,190.0,120,16.15,170.0,90,7.65,8.0,4.0,2.16,2,0
31,160,510,3600.0,0,0,0,220.0,140,37.4,260.0,130,22.1,190.0,100,8.55,10.0,5.0,2.7,3,0
4,70,415,1500.0,0,0,0,120.0,90,20.4,170.0,100,14.45,140.0,70,6.3,5.0,2.0,1.35,4,1
10,120,415,2500.0,0,0,0,150.0,87,25.55,200.0,101,17.0,210.0,103,9.45,12.0,5.0,3.24,2,0
35,200,408,4000.0,1,1,30,120.0,69,20.44,150.0,75,12.75,180.0,89,8.1,8.0,3.0,2.16,1,1
5,50,510,3000.0,0,0,0,200.0,116,34.06,250.0,126,21.25,220.0,108,9.9,15.0,7.0,4.05,3,0
45,180,415,3500.0,0,1,25,130.0,75,22.14,190.0,95,16.15,170.0,84,7.65,10.0,4.0,2.7,0,0
20,90,408,2000.0,0,0,0,140.0,81,23.84,210.0,106,17.85,190.0,94,8.55,9.0,4.0,2.43,4,1
30,140,510,2800.0,1,0,0,110.0,63,18.73,160.0,80,13.6,140.0,69,6.3,6.0,3.0,1.62,5,0
15,110,415,3200.0,0,1,35,170.0,98,28.95,240.0,120,20.4,260.0,128,11.7,11.0,5.0,2.97,6,1
25,160,408,3600.0,0,0,0,190.0,110,32.34,300.0,151,25.5,310.0,153,13.95,14.0,6.0,3.78,7,0
40,130,415,4100.0,1,1,40,100.0,58,17.03,140.0,70,11.9,150.0,74,6.75,5.0,2.0,1.35,8,1
22,95,510,1900.0,0,0,0,160.0,92,27.25,220.0,110,18.7,200.0,98,9.0,12.0,5.0,3.24,9,0
18,80,408,2600.0,0,1,20,140.0,81,23.84,190.0,95,16.15,170.0,84,7.65,9.0,4.0,2.43,0,1
32,210,415,4300.0,0,0,0,180.0,104,30.65,260.0,130,22.1,240.0,118,10.8,13.0,6.0,3.51,1,0
8,60,510,1500.0,1,0,0,120.0,69,20.44,140.0,70,11.9,150.0,74,6.75,5.0,2.0,1.35,2,1
28,140,408,3100.0,0,1,30,130.0,75,22.14,200.0,101,17.0,210.0,103,9.45,12.0,5.0,3.24,3,0
12,70,415,2200.0,0,0,0,150.0,87,25.55,210.0,106,17.85,190.0,94,8.55,9.0,4.0,2.43,4,1
38,190,510,4700.0,1,1,45,110.0,63,18.73,160.0,80,13.6,140.0,69,6.3,6.0,3.0,1.62,5,0
6,55,415,1800.0,0,0,0,170.0,98,28.95,240.0,120,20.4,260.0,128,11.7,11.0,5.0,2.97,6,1
24,155,408,3400.0,0,1,35,140.0,81,23.84,190.0,95,16.15,170.0,84,7.65,9.0,4.0,2.43,7,0
16,85,510,2600.0,0,0,0,190.0,110,32.34,300.0,151,25.5,310.0,153,13.95,14.0,6.0,3.78,8,1
42,200,415,4800.0,0,1,40,120.0,69,20.44,140.0,70,11.9,150.0,74,6.75,5.0,2.0,1.35,9,0
3,45,408,2100.0,1,0,0,130.0,75,22.14,200.0,101,17.0,210.0,103,9.45,12.0,5.0,3.24,0,1
27,170,510,2900.0,0,1,25,140.0,81,23.84,190.0,95,16.15,170.0,84,7.65,9.0,4.0,2.43,1,0
11,65,415,2300.0,0,0,0,160.0,92,27.25,220.0,110,18.7,200.0,98,9.0,12.0,5.0,3.24,2,1
34,190,408,4100.0,0,1,30,140.0,81,23.84,190.0,95,16.15,170.0,84,7.65,9.0,4.0,2.43,3,0
9,75,510,2600.0,1,1,35,120.0,69,20.44,140.0,70,11.9,150.0,74,6.75,5.0,2.0,1.35,4,1
12,120,415,2500.0,0,0,0,150.0,90,25.5,200.0,110,17.0,210.0,115,9.45,5.0,3.0,1.35,1,0
30,200,415,3000.0,0,1,20,200.0,110,34.0,250.0,120,21.25,180.0,100,8.1,10.0,5.0,2.7,2,1
5,50,408,1500.0,0,0,0,120.0,80,20.4,180.0,90,15.3,160.0,70,7.2,8.0,4.0,2.16,1,0
45,180,510,4000.0,0,1,30,250.0,140,42.5,300.0,130,25.5,220.0,110,9.9,12.0,6.0,3.24,3,1
22,90,415,2000.0,0,0,0,140.0,100,23.8,190.0,95,16.15,170.0,85,7.65,6.0,3.0,1.62,0,0
18,110,415,1800.0,1,1,25,220.0,120,37.4,260.0,115,22.1,190.0,95,8.55,9.0,4.0,2.43,4,1
8,70,408,1200.0,0,0,0,130.0,90,22.1,210.0,100,17.85,140.0,75,6.3,7.0,3.0,1.89,1,0
35,140,510,2500.0,0,1,15,180.0,110,30.6,240.0,105,20.4,200.0,90,9.0,11.0,5.0,2.97,2,1
12,60,415,1700.0,0,0,0,160.0,95,27.2,220.0,110,18.7,150.0,80,6.75,5.0,2.0,1.35,0,0
28,160,415,3000.0,0,1,22,210.0,115,35.7,280.0,120,23.8,210.0,100,9.45,10.0,4.0,2.7,5,1
40,200,408,3500.0,0,0,0,190.0,105,32.3,260.0,115,22.1,170.0,90,7.65,8.0,3.0,2.16,1,0
15,80,510,2200.0,0,1,18,170.0,95,28.9,230.0,105,19.55,190.0,95,8.55,9.0,4.0,2.43,3,1
25,130,415,2800.0,0,0,0,140.0,90,23.8,210.0,100,17.85,160.0,80,7.2,7.0,3.0,1.89,2,0
32,190,408,4000.0,1,1,28,260.0,130,44.2,310.0,140,26.35,230.0,110,10.35,12.0,6.0,3.24,4,1
6,55,510,1400.0,0,0,0,120.0,80,20.4,190.0,90,16.15,140.0,70,6.3,6.0,3.0,1.62,0,0
38,210,415,4500.0,0,1,30,240.0,110,40.8,270.0,120,22.95,200.0,90,9.0,11.0,5.0,2.97,2,1
20,95,408,1900.0,0,0,0,130.0,90,22.1,200.0,100,17.0,150.0,80,6.75,5.0,2.0,1.35,1,0
27,140,415,2600.0,0,1,25,190.0,110,32.3,250.0,115,21.25,180.0,95,8.1,9.0,4.0,2.43,3,1
14,65,510,1600.0,0,0,0,140.0,95,23.8,210.0,100,17.85,170.0,85,7.65,7.0,3.0,1.89,0,0
31,170,415,3800.0,0,1,27,200.0,110,34.0,260.0,115,22.1,190.0,95,8.55,9.0,4.0,2.43,4,1
9,45,408,1200.0,0,0,0,110.0,80,18.7,190.0,90,16.15,140.0,70,6.3,5.0,2.0,1.35,1,0
23,140,415,3000.0,0,1,20,210.0,110,35.7,280.0,120,23.8,210.0,100,9.45,10.0,4.0,2.7,5,1
16,80,510,2000.0,0,0,0,150.0,90,25.5,220.0,100,18.7,160.0,80,7.2,7.0,3.0,1.89,2,0
42,190,415,4200.0,0,1,32,250.0,120,42.5,310.0,140,26.35,230.0,110,10.35,12.0,6.0,3.24,4,1
5,30,408,1100.0,0,0,0,120.0,80,20.4,200.0,100,17.0,150.0,80,6.75,5.0,2.0,1.35,1,0
20,90,415,3000.0,0,0,0,150.0,100,25.5,180.0,95,15.5,210.0,100,9.5,10.0,4.0,2.7,1,1
35,120,408,4000.0,0,0,0,200.0,120,34.0,140.0,80,12.0,190.0,90,8.55,8.0,3.0,2.16,2,1
5,70,510,3500.0,1,0,0,170.0,110,28.9,160.0,90,15.3,200.0,95,9.0,12.0,5.0,3.24,3,1
45,150,415,4500.0,0,1,25,220.0,130,37.4,210.0,110,18.8,240.0,110,10.8,9.0,4.0,2.43,4,1
12,80,408,3200.0,0,0,0,140.0,90,23.8,190.0,100,16.15,210.0,100,9.45,11.0,5.0,2.97,1,1
30,110,415,3800.0,0,0,0,190.0,115,32.3,170.0,90,14.45,200.0,95,9.0,10.0,4.0,2.7,0,1
22,140,415,4100.0,0,1,30,210.0,120,35.7,180.0,95,15.3,220.0,105,9.9,8.0,3.0,2.16,2,1
40,130,408,4200.0,0,0,0,160.0,100,27.2,190.0,90,16.15,210.0,100,9.45,9.0,4.0,2.43,1,1
18,95,415,3600.0,0,0,0,170.0,110,28.9,160.0,90,15.3,200.0,95,9.0,10.0,5.0,2.7,3,1
8,60,510,3000.0,1,0,0,140.0,100,23.8,190.0,100,16.15,210.0,100,9.45,11.0,5.0,2.97,0,1
27,125,415,3900.0,0,0,0,180.0,110,30.6,170.0,90,14.45,200.0,95,9.0,10.0,4.0,2.7,1,1
32,140,415,4100.0,0,1,35,190.0,115,32.3,180.0,95,15.3,210.0,100,9.45,9.0,4.0,2.43,2,1
19,90,415,3500.0,0,0,0,170.0,110,28.9,160.0,90,15.3,200.0,95,9.0,10.0,5.0,2.7,1,1
6,80,510,3300.0,1,0,0,140.0,100,23.8,190.0,100,16.15,210.0,100,9.45,9.0,4.0,2.43,0,1
31,110,415,3800.0,0,0,0,180.0,110,30.6,170.0,90,14.45,200.0,95,9.0,10.0,5.0,2.7,2,0
11,95,408,3300.0,0,0,0,140.0,90,23.8,190.0,100,16.15,210.0,100,9.45,9.0,4.0,2.43,2,0
33,140,415,4000.0,0,1,28,190.0,115,32.3,180.0,95,15.3,210.0,100,9.45,9.0,4.0,2.43,4,0
23,120,415,3600.0,0,0,0,180.0,110,30.6,170.0,90,14.45,200.0,95,9.0,10.0,5.0,2.7,1,0
4,70,408,3100.0,0,0,0,160.0,100,27.2,190.0,90,16.15,210.0,100,9.45,9.0,4.0,2.43,3,0
12,80,415,3000.0,0,0,0,150.0,90,25.5,200.0,100,17.0,220.0,110,9.9,5.0,3.0,1.0,1,0
25,150,510,4000.0,0,1,30,200.0,110,34.0,250.0,120,21.25,300.0,140,13.5,8.0,4.0,1.6,2,1
5,50,408,1500.0,0,0,0,100.0,70,17.0,150.0,90,12.75,180.0,90,8.1,3.0,2.0,0.6,0,0
40,200,415,4500.0,1,0,0,250.0,120,42.5,300.0,130,25.5,350.0,150,15.75,10.0,5.0,2.0,3,1
30,120,510,3500.0,0,1,20,180.0,95,30.6,220.0,110,18.7,260.0,130,11.7,6.0,3.0,1.2,1,0
15,90,408,2000.0,0,0,0,140.0,80,23.8,170.0,95,14.45,190.0,100,8.55,4.0,2.0,0.8,4,1
22,60,415,2500.0,0,0,0,130.0,75,22.1,140.0,80,11.9,160.0,80,7.2,2.0,1.0,0.4,0,0
35,180,510,4700.0,0,1,35,220.0,110,37.4,260.0,120,22.1,310.0,140,13.95,9.0,4.0,1.8,2,1
8,40,408,1200.0,0,0,0,90.0,60,15.3,110.0,70,9.35,140.0,70,6.3,1.5,1.0,0.3,1,0
28,140,415,3800.0,0,0,0,190.0,100,32.3,240.0,110,20.4,280.0,120,12.6,7.0,3.0,1.4,3,1
18,70,510,2600.0,0,1,25,160.0,85,27.2,190.0,95,16.15,210.0,110,9.45,5.0,2.0,1.0,0,0
23,110,510,3000.0,0,1,30,190.0,100,32.3,240.0,110,20.4,280.0,120,12.6,7.0,3.0,1.4,3,1
13,45,415,1500.0,0,0,0,110.0,70,18.7,140.0,80,11.9,170.0,90,7.65,3.5,1.0,0.7,1,0
36,190,415,4700.0,0,0,0,250.0,120,42.5,260.0,125,22.1,330.0,150,14.85,12.0,5.0,2.4,5,1
4,35,408,1100.0,0,0,0,90.0,60,15.3,110.0,70,9.35,140.0,70,6.3,1.5,1.0,0.3,0,1
20,100,415,3000.0,0,0,0,150.0,90,25.5,200.0,104,17.0,210.0,103,9.45,12.0,5.0,3.24,1,0
35,150,415,4000.0,0,0,0,180.0,110,30.6,220.0,104,18.7,190.0,117,8.55,9.0,4.0,2.43,0,1
8,55,415,2100.0,0,0,0,140.0,80,23.8,160.0,141,13.6,170.0,100,7.65,8.0,3.0,2.16,1,0
45,190,415,4300.0,1,0,0,210.0,120,35.7,240.0,86,20.4,200.0,114,9.0,11.0,6.0,2.97,1,1
25,120,415,3500.0,0,0,0,160.0,95,27.2,210.0,100,17.85,180.0,120,8.1,10.0,5.0,2.7,3,0
40,180,415,4200.0,0,0,0,190.0,100,32.3,230.0,94,19.55,210.0,135,9.45,12.0,7.0,3.24,0,1
5,70,415,2000.0,0,0,0,130.0,70,22.1,150.0,121,12.75,160.0,105,7.2,7.0,2.0,1.89,4,0
30,140,415,3800.0,0,0,0,170.0,110,28.9,190.0,104,16.15,190.0,117,8.55,9.0,4.0,2.43,1,1
15,110,415,3100.0,1,1,40,220.0,140,37.4,260.0,124,22.1,240.0,135,10.8,13.0,8.0,3.51,2,0
22,130,415,2800.0,0,0,0,155.0,90,26.35,170.0,86,14.45,170.0,124,7.65,8.0,3.0,2.16,1,1
12,60,415,2200.0,0,0,0,140.0,80,23.8,160.0,131,13.6,170.0,106,7.65,8.0,3.0,2.16,0,0
38,170,415,4100.0,0,1,20,190.0,105,32.3,210.0,86,17.85,190.0,135,8.55,10.0,5.0,2.7,6,1
6,45,415,2300.0,0,0,0,170.0,110,28.9,190.0,104,16.15,190.0,117,8.55,9.0,4.0,2.43,3,0
11,70,415,2400.0,0,0,0,140.0,80,23.8,160.0,131,13.6,170.0,106,7.65,8.0,3.0,2.16,1,0
28,140,415,3500.0,0,1,30,180.0,110,30.6,220.0,104,18.7,190.0,117,8.55,9.0,4.0,2.43,0,1
30,100,415,2500.0,0,0,0,200.0,75,34.0,150.0,55,12.75,210.0,80,9.45,12.0,4.5,3.24,1,0
45,150,408,4000.0,0,1,10,250.0,90,42.5,200.0,70,17.0,180.0,70,8.1,8.0,3.0,2.16,2,1
20,80,510,3000.0,0,0,5,180.0,70,30.6,170.0,60,14.45,190.0,75,8.55,10.0,3.5,2.7,0,0
10,200,415,4500.0,1,0,0,300.0,110,51.0,250.0,90,21.25,220.0,80,9.9,15.0,5.5,4.05,3,1
35,50,415,2000.0,0,1,20,140.0,60,23.8,120.0,50,10.2,150.0,70,6.75,9.0,3.0,2.43,1,0
25,120,408,3500.0,0,0,15,260.0,95,44.2,210.0,80,17.85,190.0,75,8.55,11.0,4.0,2.97,4,1
40,70,510,2800.0,0,0,0,170.0,65,28.9,160.0,55,13.6,200.0,80,9.0,12.0,4.0,3.24,0,0
5,30,415,1500.0,0,1,25,190.0,70,32.3,140.0,50,11.9,170.0,70,7.65,9.5,3.5,2.565,2,1
48,220,415,4800.0,0,0,0,310.0,115,52.7,260.0,95,22.1,230.0,80,10.35,16.0,6.0,4.32,1,0
12,90,408,3200.0,0,0,30,220.0,85,37.4,190.0,75,16.15,210.0,80,9.45,13.0,5.0,3.51,3,1
18,110,510,2600.0,0,0,0,160.0,60,27.2,140.0,55,11.9,180.0,70,8.1,10.0,4.0,2.7,0,0
22,140,415,4100.0,0,1,5,240.0,90,40.8,200.0,80,17.0,190.0,80,8.55,12.0,4.5,3.24,1,1
28,60,408,1800.0,0,0,0,130.0,55,22.1,110.0,45,9.35,140.0,70,6.3,8.0,3.0,2.16,2,0
32,200,510,4700.0,0,0,20,280.0,100,47.6,240.0,90,20.4,210.0,80,9.45,14.0,5.0,3.78,4,1
15,70,415,1900.0,0,1,10,150.0,50,25.5,100.0,40,8.5,120.0,70,5.4,7.0,2.5,1.89,0,0
38,180,408,4300.0,0,0,25,260.0,95,44.2,210.0,80,17.85,190.0,75,8.55,11.0,4.0,2.97,3,1
27,90,510,2600.0,0,0,0,170.0,65,28.9,140.0,55,11.9,180.0,70,8.1,10.0,4.0,2.7,1,0
8,40,415,1200.0,0,1,5,140.0,55,23.8,110.0,45,9.35,140.0,70,6.3,8.0,3.0,2.16,2,1
50,210,408,4900.0,0,0,0,320.0,120,54.4,260.0,90,22.1,240.0,80,10.8,15.0,5.5,4.05,0,0
13,80,510,2200.0,0,0,15,190.0,70,32.3,140.0,55,11.9,170.0,70,7.65,9.5,3.5,2.565,1,1
30,110,415,2800.0,0,0,0,210.0,90,35.7,190.0,80,16.15,200.0,80,9.0,12.0,4.0,3.24,0,0
42,140,408,3600.0,0,1,20,250.0,100,42.5,210.0,90,17.85,190.0,80,8.55,11.0,4.0,2.97,2,1
25,70,510,2100.0,0,0,0,170.0,65,28.9,140.0,55,11.9,180.0,70,8.1,10.0,4.0,2.7,0,0
6,30,415,1400.0,0,1,10,140.0,55,23.8,110.0,45,9.35,140.0,70,6.3,8.0,3.0,2.16,1,1
18,90,408,1900.0,0,0,0,160.0,60,27.2,140.0,55,11.9,180.0,70,8.1,10.0,4.0,2.7,0,0
12,120,415,3000.0,0,0,0,150.0,60,25.5,180.0,70,15.3,210.0,80,9.45,8.0,3.0,2.16,2,0
35,90,510,2500.0,0,1,20,200.0,80,34.0,190.0,75,16.15,220.0,85,9.9,12.0,4.0,3.24,3,0
8,150,415,4000.0,1,0,0,120.0,50,20.4,160.0,60,13.6,190.0,75,8.55,9.5,2.0,2.565,1,0
22,110,408,1800.0,0,0,0,140.0,70,23.8,170.0,65,14.45,200.0,80,9.0,11.0,3.0,2.97,2,0
45,60,415,500.0,0,0,0,80.0,40,13.6,140.0,55,11.9,180.0,70,8.1,7.0,1.0,1.89,0,0
30,200,510,3500.0,0,1,25,250.0,100,42.5,210.0,90,17.85,240.0,95,10.8,13.0,5.0,3.51,5,0
5,80,415,1200.0,0,0,0,110.0,55,18.7,150.0,60,12.75,190.0,80,8.55,10.0,2.0,2.7,2,1
18,140,408,2200.0,0,0,0,130.0,65,22.1,170.0,70,14.45,210.0,85,9.45,12.0,4.0,3.24,3,0
27,125,415,2800.0,1,0,0,190.0,95,32.3,200.0,80,17.0,230.0,90,10.35,11.5,4.0,3.105,1,1
40,50,510,800.0,0,0,0,70.0,35,11.9,120.0,45,10.2,140.0,60,6.3,6.0,1.0,1.62,0,1
15,170,415,2600.0,0,1,30,220.0,110,37.4,230.0,95,19.55,260.0,100,11.7,12.5,6.0,3.375,6,0
2,210,408,4000.0,0,0,0,260.0,130,44.2,240.0,100,20.4,270.0,110,12.15,14.0,7.0,3.78,7,1
28,75,415,1500.0,0,0,0,90.0,45,15.3,140.0,55,11.9,160.0,70,7.2,8.0,2.0,2.16,0,1
33,130,510,3100.0,1,1,35,240.0,120,40.8,220.0,90,18.7,250.0,95,11.25,13.0,5.0,3.51,4,0
6,55,415,900.0,0,0,0,60.0,30,10.2,110.0,40,9.35,120.0,50,5.4,5.5,1.0,1.485,1,1
19,140,408,2100.0,0,0,0,140.0,70,23.8,180.0,75,15.3,210.0,85,9.45,12.5,5.0,3.375,5,0
23,190,510,3300.0,0,1,28,260.0,140,44.2,250.0,110,21.25,280.0,120,12.6,15.0,8.0,4.05,8,1
4,70,415,1100.0,0,0,0,90.0,45,15.3,130.0,55,11.05,150.0,65,6.75,6.5,2.0,1.755,0,1
31,125,408,1900.0,0,0,0,160.0,80,27.2,190.0,75,16.15,220.0,90,9.9,12.0,4.0,3.24,4,0
13,85,510,1400.0,0,0,0,100.0,50,17.0,140.0,55,11.9,170.0,70,7.65,8.5,2.0,2.295,0,1
24,160,415,2700.0,1,1,40,280.0,140,47.6,260.0,115,22.1,290.0,125,13.05,16.0,9.0,4.32,9,1
7,45,408,950.0,0,0,0,80.0,40,13.6,130.0,50,11.05,150.0,65,6.75,6.5,2.0,1.755,1,1
20,110,510,2200.0,0,1,22,190.0,95,32.3,200.0,80,17.0,230.0,90,10.35,11.5,4.0,3.105,2,0
9,60,415,1200.0,0,0,0,120.0,60,20.4,160.0,65,13.6,200.0,85,9.45,11.0,3.0,2.97,3,1
14,95,408,1800.0,0,0,0,140.0,70,23.8,180.0,75,15.3,220.0,90,9.9,12.5,5.0,3.375,5,0
12,150,415,3124.0,0,0,0,160.0,94,27.2,190.0,95,16.15,200.0,100,9.0,8.0,3.0,2.16,2,0
25,90,510,4210.0,0,1,12,180.0,106,30.6,210.0,105,17.85,220.0,110,9.9,9.0,4.0,2.43,1,1
8,200,415,3987.0,0,0,0,140.0,82,23.8,170.0,85,14.45,190.0,95,8.55,7.0,3.0,1.89,0,0
30,110,408,3456.0,1,0,0,200.0,118,34.0,240.0,120,20.4,260.0,130,11.7,12.0,5.0,3.24,3,1
18,75,510,2789.0,0,0,0,170.0,100,28.9,190.0,95,16.15,210.0,105,9.45,10.0,4.0,2.7,4,0
22,140,415,3125.0,0,1,20,190.0,112,32.3,220.0,110,18.7,240.0,120,10.8,11.0,5.0,2.97,2,1
5,190,415,4100.0,0,0,0,150.0,88,25.5,180.0,90,15.3,200.0,100,9.0,9.0,4.0,2.43,1,0
27,60,408,3320.0,0,0,0,210.0,124,35.7,250.0,125,21.25,270.0,135,12.15,13.0,6.0,3.51,0,1
15,130,510,3600.0,0,0,0,160.0,94,27.2,190.0,95,16.15,210.0,105,9.45,9.0,4.0,2.43,5,0
19,85,415,2800.0,0,1,15,170.0,100,28.9,210.0,105,17.85,230.0,115,10.35,10.0,4.0,2.7,2,1
4,170,415,4000.0,0,0,0,140.0,82,23.8,180.0,90,15.3,200.0,100,9.0,8.0,3.0,2.16,0,0
23,95,408,3100.0,0,0,0,190.0,112,32.3,220.0,110,18.7,240.0,120,10.8,12.0,5.0,3.24,3,1
7,140,510,3500.0,0,0,0,150.0,88,25.5,190.0,95,16.15,210.0,105,9.45,9.0,4.0,2.43,1,0
28,120,415,3300.0,0,1,18,200.0,118,34.0,240.0,120,20.4,260.0,130,11.7,11.0,5.0,2.97,0,1
12,170,510,4000.0,0,0,0,160.0,94,27.2,190.0,95,16.15,210.0,105,9.45,9.0,4.0,2.43,1,0
18,90,408,3300.0,0,0,0,190.0,112,32.3,220.0,110,18.7,240.0,120,10.8,12.0,5.0,3.24,3,1
10,140,415,3700.0,0,0,0,150.0,88,25.5,190.0,95,16.15,210.0,105,9.45,9.0,4.0,2.43,0,0
23,110,415,2500.0,0,0,0,150.0,90,25.5,180.0,100,15.3,210.0,110,9.45,9.0,4.0,2.43,1,0
5,45,408,1800.0,0,0,0,80.0,70,13.6,140.0,80,11.9,160.0,90,7.2,5.5,2.0,1.485,0,1
38,200,415,4000.0,1,1,20,260.0,140,44.2,250.0,120,21.25,300.0,130,13.5,12.0,5.0,3.24,2,1
12,60,510,2200.0,0,0,0,110.0,80,18.7,170.0,90,14.45,190.0,100,8.55,7.0,3.0,1.89,1,0
30,150,415,3500.0,0,1,15,200.0,110,34.0,190.0,100,16.15,220.0,110,9.9,8.0,3.0,2.16,3,1
7,35,408,1500.0,0,0,0,90.0,70,15.3,140.0,80,11.9,160.0,90,7.2,4.0,1.0,1.08,0,0
18,90,510,2800.0,0,0,0,130.0,100,22.1,210.0,110,17.85,240.0,120,10.8,6.0,2.0,1.62,1,0
25,120,415,3000.0,0,0,0,170.0,110,28.9,190.0,100,16.15,210.0,110,9.45,9.5,4.0,2.565,2,1
2,80,415,1800.0,0,0,0,100.0,80,17.0,150.0,90,12.75,170.0,100,7.65,5.0,2.0,1.35,0,0
40,200,415,4500.0,1,0,0,280.0,150,47.6,260.0,140,22.1,320.0,140,14.4,15.0,6.0,4.05,4,1
15,70,408,2500.0,0,0,0,140.0,100,23.8,180.0,110,15.3,190.0,110,8.55,7.0,3.0,1.89,1,0
22,110,510,2600.0,0,1,12,160.0,90,27.2,170.0,100,14.45,200.0,100,9.0,6.5,2.0,1.755,2,1
8,40,415,1900.0,0,0,0,90.0,70,15.3,140.0,80,11.9,160.0,90,7.2,4.0,1.0,1.08,0,0
35,180,415,3800.0,0,0,0,240.0,120,40.8,200.0,110,17.0,250.0,120,11.25,10.0,4.0,2.7,3,0
6,55,408,2100.0,0,0,0,110.0,80,18.7,150.0,90,12.75,170.0,100,7.65,5.5,2.0,1.485,1,1
27,140,415,3200.0,0,1,18,190.0,110,32.3,210.0,120,17.85,260.0,120,11.7,9.0,3.0,2.43,4,1
4,30,510,1400.0,0,0,0,70.0,50,11.9,100.0,70,8.5,120.0,70,5.4,3.0,1.0,0.81,0,0
32,170,415,4100.0,0,0,0,260.0,140,44.2,250.0,120,21.25,300.0,140,13.5,12.0,5.0,3.24,5,0
9,60,408,1700.0,0,0,0,100.0,80,17.0,150.0,90,12.75,170.0,100,7.65,5.0,2.0,1.35,1,1
14,90,415,2600.0,0,1,10,140.0,100,23.8,180.0,110,15.3,190.0,110,8.55,7.0,3.0,1.89,2,0
19,110,510,3000.0,0,0,0,150.0,110,25.5,190.0,120,16.15,220.0,120,9.9,8.0,3.0,2.16,3,1
1,20,415,800.0,0,0,0,60.0,40,10.2,80.0,60,6.8,90.0,60,4.05,2.0,0.0,0.54,0,0
23,140,408,3100.0,0,0,0,170.0,110,28.9,210.0,120,17.85,260.0,120,11.7,9.0,3.0,2.43,4,1
27,160,415,3600.0,0,0,0,200.0,120,34.0,220.0,130,18.7,280.0,130,12.6,10.0,4.0,2.7,5,1
13,75,510,2400.0,0,0,0,130.0,90,22.1,190.0,110,16.15,240.0,120,10.8,6.0,2.0,1.62,2,0
23,110,415,2000.0,0,0,0,150.0,90,25.5,190.0,110,16.15,210.0,100,9.45,8.0,3.0,2.16,1,0
35,150,510,3500.0,0,0,0,200.0,120,34.0,170.0,90,14.45,190.0,95,8.55,9.5,4.0,2.565,2,0
12,80,415,1200.0,0,0,0,100.0,70,17.0,140.0,80,11.9,150.0,70,6.75,5.0,2.0,1.35,0,0
48,200,408,4000.0,0,0,0,250.0,140,42.5,220.0,110,18.7,260.0,120,11.7,12.0,5.0,3.24,3,0
5,40,415,800.0,0,0,0,80.0,50,13.6,120.0,70,10.2,100.0,50,4.5,4.0,1.0,1.08,0,0
30,120,510,2500.0,0,0,0,180.0,110,30.6,160.0,90,13.6,190.0,90,8.55,7.0,3.0,1.89,1,0
22,90,415,1800.0,0,0,0,140.0,80,23.8,130.0,70,11.05,150.0,70,6.75,6.0,2.0,1.62,0,0
40,160,408,3000.0,0,0,0,220.0,140,37.4,210.0,110,17.85,240.0,110,10.8,10.0,4.0,2.7,2,0
18,70,510,1500.0,0,0,0,90.0,60,15.3,110.0,60,9.35,120.0,50,5.4,3.0,1.0,0.81,0,0
28,110,415,2200.0,0,0,0,160.0,100,27.2,140.0,80,11.9,170.0,80,7.65,6.0,2.0,1.62,1,0
9,50,415,900.0,0,0,0,70.0,45,11.9,90.0,55,7.65,80.0,40,3.6,2.5,1.0,0.675,0,0
41,190,510,3500.0,0,0,0,240.0,140,40.8,200.0,110,17.0,230.0,110,10.35,11.0,4.0,2.97,3,0
15,60,415,1200.0,0,0,0,110.0,70,18.7,100.0,60,8.5,120.0,60,5.4,4.0,1.0,1.08,0,0
34,140,415,2600.0,1,0,0,190.0,120,32.3,170.0,100,14.45,210.0,110,9.45,9.0,3.0,2.43,2,1
7,45,510,800.0,0,1,12,80.0,50,13.6,120.0,70,10.2,100.0,50,4.5,4.0,1.0,1.08,1,1
45,170,408,4000.0,0,1,20,250.0,140,42.5,220.0,110,18.7,260.0,120,11.7,12.0,5.0,3.24,3,1
20,90,415,1800.0,0,0,0,140.0,80,23.8,130.0,70,11.05,150.0,70,6.75,6.0,2.0,1.62,0,1
12,55,510,1200.0,1,0,0,90.0,60,15.3,110.0,60,9.35,120.0,50,5.4,3.0,1.0,0.81,1,1
38,160,415,3500.0,0,1,15,220.0,141,37.4,210.0,110,17.85,240.0,110,10.8,10.0,4.0,2.7,2,1
25,100,408,2800.0,0,0,0,170.0,100,28.9,140.0,80,11.9,180.0,80,8.1,7.0,2.0,1.89,1,1
9,45,415,900.0,0,1,10,70.0,45,11.9,90.0,55,7.65,80.0,40,3.6,2.5,1.0,0.675,0,1
31,120,510,2600.0,1,0,0,190.0,120,32.3,170.0,100,14.45,210.0,110,9.45,9.0,3.0,2.43,2,1
14,60,415,1200.0,0,0,0,110.0,70,18.7,100.0,60,8.5,120.0,60,5.4,4.0,1.0,1.08,0,1
27,140,408,3000.0,0,1,18,200.0,120,34.0,150.0,90,12.75,170.0,80,7.65,6.0,2.0,1.62,1,1
5,30,510,700.0,0,0,0,80.0,50,13.6,120.0,70,10.2,100.0,50,4.5,4.0,1.0,1.08,0,1
12,80,415,2500.0,0,0,0,150.0,83,25.5,180.0,90,15.3,140.0,70,6.3,5.0,2.0,1.35,1,0
27,150,415,3200.0,0,1,15,200.0,111,34.0,250.0,125,21.25,220.0,110,9.9,8.0,4.0,2.16,2,1
5,60,415,1800.0,1,0,0,120.0,67,20.4,140.0,70,11.9,130.0,65,5.85,12.0,5.0,3.24,0,0
38,200,415,4000.0,0,0,0,250.0,139,42.5,300.0,150,25.5,260.0,130,11.7,4.0,2.0,1.08,1,1
45,180,415,3500.0,0,1,20,180.0,100,30.6,220.0,110,18.7,190.0,95,8.55,6.0,3.0,1.62,2,0
22,90,415,2800.0,0,0,0,140.0,78,23.8,160.0,80,13.6,150.0,75,6.75,3.0,1.0,0.81,1,1
30,110,415,3100.0,0,1,10,170.0,94,28.9,190.0,95,16.15,160.0,80,7.2,7.0,3.0,1.89,0,0
48,140,415,4200.0,0,0,0,220.0,122,37.4,260.0,130,22.1,240.0,120,10.8,9.0,4.0,2.43,3,1
18,70,415,1500.0,0,1,5,130.0,72,22.1,140.0,70,11.9,120.0,60,5.4,4.0,2.0,1.08,1,0
25,95,415,2600.0,0,0,0,190.0,106,32.3,210.0,105,17.85,200.0,100,9.0,6.0,3.0,1.62,2,1
35,120,415,3800.0,0,1,12,160.0,89,27.2,170.0,85,14.45,150.0,75,6.75,5.0,2.0,1.35,0,0
40,140,415,4100.0,0,0,0,210.0,117,35.7,240.0,120,20.4,230.0,115,10.35,7.0,3.0,1.89,1,1
15,80,415,2000.0,0,1,18,140.0,78,23.8,160.0,80,13.6,140.0,70,6.3,4.0,2.0,1.08,2,0
23,110,408,2700.0,0,0,0,190.0,106,32.3,210.0,105,17.85,200.0,100,9.0,5.0,2.0,1.35,1,1
28,130,408,3300.0,0,1,25,170.0,94,28.9,190.0,95,16.15,160.0,80,7.2,6.0,3.0,1.62,0,0
32,150,408,3600.0,0,0,0,200.0,111,34.0,250.0,125,21.25,220.0,110,9.9,8.0,4.0,2.16,3,1
19,70,408,1700.0,0,1,8,120.0,67,20.4,140.0,70,11.9,130.0,65,5.85,5.0,2.0,1.35,1,0
27,110,408,2900.0,0,0,0,180.0,100,30.6,210.0,105,17.85,200.0,100,9.0,6.0,3.0,1.62,2,1
22,90,510,2600.0,0,0,0,130.0,78,23.8,160.0,80,13.6,150.0,75,6.75,5.0,2.0,1.08,0,0
30,120,510,3400.0,0,0,0,190.0,106,32.3,210.0,105,17.85,200.0,100,9.0,5.0,2.0,1.35,1,1
18,70,510,1600.0,0,1,15,130.0,72,22.1,140.0,70,11.9,120.0,60,5.4,4.0,2.0,1.08,2,0
25,90,510,2800.0,0,0,0,150.0,83,25.5,180.0,90,15.3,140.0,70,6.3,5.0,2.0,1.35,0,1
12,60,510,1900.0,0,1,9,110.0,61,18.7,120.0,60,10.2,100.0,50,4.5,3.0,1.0,0.81,1,0
35,140,510,4100.0,0,0,0,200.0,111,34.0,250.0,125,21.25,220.0,110,9.9,8.0,4.0,2.16,3,1
20,80,510,2100.0,0,0,0,140.0,78,23.8,160.0,80,13.6,140.0,70,6.3,4.0,2.0,1.08,0,0
12,80,415,1200.0,0,0,0,150.0,90,25.49,200.0,100,11.94,250.0,110,28.7,10.0,5.0,2.7,1,1
35,150,510,3000.0,1,1,20,180.0,110,30.58,220.0,120,13.13,260.0,130,29.85,12.0,8.0,3.24,2,1
5,50,408,800.0,0,0,0,120.0,70,20.39,180.0,80,10.75,200.0,90,22.96,8.0,4.0,2.16,0,0
28,120,415,2500.0,0,1,15,170.0,95,28.88,210.0,110,12.54,240.0,115,27.55,9.0,6.0,2.43,3,1
45,200,510,4000.0,0,0,0,200.0,120,33.98,250.0,140,14.93,300.0,150,34.44,15.0,10.0,4.05,4,0
22,90,408,1800.0,1,0,0,140.0,80,23.79,190.0,90,11.34,220.0,100,25.26,11.0,7.0,2.97,5,1
18,70,415,900.0,0,0,0,130.0,75,22.09,170.0,85,10.15,210.0,95,24.11,7.0,3.0,1.89,6,0
30,110,510,2200.0,0,1,25,160.0,90,27.18,230.0,115,13.73,250.0,120,28.7,13.0,9.0,3.51,7,1
25,60,408,1100.0,0,0,0,110.0,60,18.69,140.0,70,8.36,190.0,80,21.77,6.0,2.0,1.62,8,0
40,140,415,3500.0,1,1,30,190.0,110,32.28,260.0,140,15.52,270.0,150,31.0,14.0,12.0,3.78,9,1
8,40,510,600.0,0,0,0,90.0,50,15.29,120.0,60,7.16,160.0,70,18.37,4.0,1.0,1.08,0,0
15,55,415,1300.0,0,1,10,150.0,85,25.49,200.0,100,11.94,230.0,110,26.36,9.0,5.0,2.43,1,1
32,110,510,2500.0,0,1,18,150.0,85,25.49,200.0,100,11.94,230.0,110,26.36,9.0,5.0,2.43,9,1
5,20,415,300.0,0,0,0,70.0,35,11.89,90.0,45,5.37,120.0,50,13.78,2.0,0.0,0.54,0,0
40,140,408,3000.0,1,0,0,180.0,110,30.58,240.0,120,14.33,260.0,130,29.85,12.0,8.0,3.24,1,1
18,60,415,800.0,0,0,0,110.0,60,18.69,140.0,70,8.36,190.0,80,21.77,6.0,2.0,1.62,2,0
35,120,415,3200.0,0,1,22,190.0,110,32.28,260.0,140,15.52,280.0,150,32.14,15.0,10.0,4.05,3,1
7,25,408,500.0,0,0,0,90.0,50,15.29,120.0,60,7.16,160.0,70,18.37,4.0,1.0,1.08,4,0
12,120,415,2500.0,0,0,0,180.5,105,30.78,210.0,110,17.85,210.0,100,9.45,12.0,3.0,3.24,2,0
5,80,415,1800.0,0,0,0,150.0,90,25.5,190.0,95,16.15,190.0,90,8.55,8.0,2.0,2.16,1,0
30,150,408,3000.0,0,0,0,200.0,110,34.0,220.0,105,18.7,220.0,95,9.9,10.0,2.0,2.7,0,0
45,200,415,4000.0,0,0,0,250.0,140,42.5,260.0,130,22.1,260.0,110,11.7,15.0,3.0,4.05,3,0
22,90,510,2200.0,0,0,0,170.0,95,28.9,190.0,100,16.15,190.0,95,8.55,9.0,2.0,2.43,1,0
8,60,415,1500.0,0,0,0,140.0,80,23.8,170.0,90,14.45,170.0,85,7.65,7.0,1.0,1.89,0,0
35,110,408,2800.0,0,0,0,190.0,105,32.3,210.0,105,17.85,210.0,95,9.45,11.0,2.0,2.97,2,0
18,70,510,2600.0,0,0,0,160.0,90,27.2,200.0,100,17.0,200.0,100,9.0,8.0,2.0,2.16,1,0
40,140,415,3500.0,0,0,0,220.0,120,37.4,240.0,120,20.4,240.0,110,10.8,12.0,3.0,3.24,4,0
27,95,408,1900.0,0,0,0,130.0,75,22.1,150.0,80,12.75,150.0,80,6.75,6.0,1.0,1.62,0,0
14,50,415,1700.0,0,0,0,140.0,80,23.8,170.0,90,14.45,170.0,85,7.65,7.0,1.0,1.89,2,0
9,30,510,1200.0,0,0,0,110.0,70,18.7,140.0,70,11.9,140.0,70,6.3,5.0,1.0,1.35,0,0
23,110,415,2500.0,0,0,0,190.0,100,32.3,210.0,105,17.85,210.0,95,9.45,10.0,2.0,2.7,3,0
5,60,415,1800.0,1,0,0,140.0,80,23.8,170.0,90,14.45,170.0,85,7.65,7.0,1.0,1.89,1,1
12,90,408,2100.0,0,1,15,160.0,90,27.2,200.0,100,17.0,200.0,100,9.0,8.0,2.0,2.16,2,1
30,140,510,3200.0,0,0,0,210.0,120,35.7,240.0,120,20.4,240.0,110,10.8,12.0,3.0,3.24,4,1
18,70,415,2500.0,0,1,20,180.0,100,30.6,210.0,105,17.85,210.0,95,9.45,10.0,2.0,2.7,3,1
22,110,408,2800.0,1,0,0,190.0,105,32.3,210.0,105,17.85,210.0,95,9.45,11.0,2.0,2.97,2,1
9,40,510,1400.0,0,0,0,120.0,70,20.4,140.0,70,11.9,140.0,70,6.3,5.0,1.0,1.35,0,1
27,80,415,1900.0,0,0,0,130.0,75,22.1,150.0,80,12.75,150.0,80,6.75,6.0,1.0,1.62,1,1
14,55,408,1700.0,0,1,10,140.0,80,23.8,170.0,90,14.45,170.0,85,7.65,7.0,1.0,1.89,2,1
19,95,510,2600.0,0,0,0,160.0,90,27.2,200.0,100,17.0,200.0,100,9.0,8.0,2.0,2.16,3,1
31,120,415,3000.0,1,0,0,200.0,110,34.0,220.0,115,18.7,220.0,105,9.9,10.0,2.0,2.7,4,1
8,45,408,1400.0,0,0,0,120.0,70,20.4,140.0,70,11.9,140.0,70,6.3,5.0,1.0,1.35,0,1
23,110,510,2500.0,0,1,12,190.0,100,32.3,210.0,105,17.85,210.0,95,9.45,10.0,2.0,2.7,1,1
48,120,415,2600.0,0,0,0,260.0,96,44.2,250.0,93,21.25,240.0,141,10.8,9.0,4.0,2.43,1,1
12,80,408,1800.0,0,1,15,150.0,56,25.5,140.0,52,11.9,130.0,77,5.85,5.0,2.0,1.35,0,1
35,200,510,3000.0,1,1,10,300.0,111,51.0,280.0,104,23.8,260.0,153,11.7,12.0,5.0,3.24,1,1
22,50,415,1200.0,0,0,0,100.0,37,17.0,90.0,33,7.65,80.0,47,3.6,3.0,1.0,0.81,1,1
47,150,415,2500.0,0,1,20,220.0,82,37.4,210.0,78,17.85,190.0,112,8.55,7.0,3.0,1.89,1,0
5,90,408,1700.0,0,0,0,140.0,52,23.8,130.0,48,11.05,120.0,71,5.4,4.0,2.0,1.08,0,1
30,110,510,2200.0,1,1,25,250.0,93,42.5,240.0,89,20.4,210.0,124,9.45,10.0,4.0,2.7,4,0
18,70,415,1400.0,0,0,0,120.0,44,20.4,110.0,41,9.35,100.0,59,4.5,2.0,1.0,0.54,1,1
42,130,408,2600.0,0,0,0,280.0,104,47.6,260.0,96,22.1,240.0,141,10.8,9.0,4.0,2.43,2,0
27,95,415,1900.0,0,1,10,170.0,63,28.9,150.0,56,12.75,140.0,82,6.3,6.0,2.0,1.62,0,1
9,60,510,800.0,0,0,0,80.0,30,13.6,70.0,26,5.95,60.0,35,2.7,1.0,0.0,0.27,0,0
38,140,415,2100.0,0,0,0,190.0,70,32.3,170.0,63,14.45,160.0,94,7.2,5.0,2.0,1.35,3,1
23,55,408,1100.0,0,1,12,110.0,41,18.7,90.0,33,7.65,80.0,47,3.6,2.0,1.0,0.54,1,0
50,200,415,3200.0,0,0,0,310.0,115,52.7,290.0,107,24.65,270.0,159,12.15,12.0,5.0,3.24,4,0
15,40,510,900.0,1,0,0,90.0,33,15.3,70.0,26,5.95,60.0,35,2.7,2.0,1.0,0.54,0,1
28,110,415,1500.0,0,1,18,140.0,52,23.8,120.0,44,10.2,100.0,59,4.5,3.0,1.0,0.81,2,0
6,70,408,1300.0,0,0,0,100.0,37,17.0,90.0,33,7.65,80.0,47,3.6,3.0,1.0,0.81,1,1
41,170,415,2800.0,0,0,0,260.0,96,44.2,240.0,89,20.4,210.0,124,9.45,10.0,4.0,2.7,3,0
2,30,510,700.0,0,1,5,70.0,26,11.9,50.0,19,4.25,40.0,24,1.8,1.0,0.0,0.27,0,0
33,120,415,1900.0,0,0,0,180.0,67,30.6,140.0,52,11.9,100.0,59,4.5,4.0,1.0,1.08,2,1
48,210,415,3100.0,0,1,22,260.0,96,44.2,240.0,89,20.4,210.0,124,9.45,10.0,4.0,2.7,4,0
14,55,408,1000.0,0,0,0,90.0,33,15.3,70.0,26,5.95,60.0,35,2.7,2.0,1.0,0.54,1,1
27,140,510,2300.0,1,0,0,200.0,74,34.0,180.0,66,15.3,140.0,82,6.3,6.0,2.0,1.62,3,0
39,160,415,2700.0,0,0,0,270.0,100,45.9,250.0,93,21.25,190.0,112,8.55,7.0,3.0,1.89,2,1
8,45,408,1200.0,0,1,12,110.0,41,18.7,90.0,33,7.65,80.0,47,3.6,2.0,1.0,0.54,0,0
5,120,415,3000.0,0,0,0,170.0,95,28.9,200.0,100,17.0,210.0,110,9.5,10.5,4.0,2.8,1,0
12,150,415,4000.0,0,1,20,160.0,90,27.2,190.0,95,16.1,200.0,105,9.0,9.0,3.0,2.4,1,1
30,80,408,2500.0,0,0,5,120.0,70,20.4,150.0,80,12.8,170.0,90,7.7,8.0,2.0,2.2,1,1
45,200,510,3500.0,0,1,30,190.0,100,32.3,140.0,70,11.9,190.0,95,8.6,12.0,5.0,3.2,0,1
2,110,415,2000.0,1,0,15,140.0,80,23.8,160.0,85,13.6,180.0,90,8.1,10.0,4.0,2.7,0,1
18,90,408,1500.0,0,0,10,110.0,60,18.7,130.0,70,11.0,160.0,80,7.2,9.0,3.0,2.4,1,1
25,140,415,2800.0,0,0,0,170.0,90,28.9,190.0,95,16.1,200.0,105,9.0,9.0,3.0,2.4,1,1
40,160,510,4200.0,0,0,25,180.0,95,30.5,150.0,80,12.8,170.0,90,7.7,8.0,2.0,2.2,1,1
8,70,408,1200.0,0,0,0,130.0,70,22.1,140.0,70,11.9,160.0,80,7.2,9.0,3.0,2.4,1,1
32,190,415,3600.0,0,1,35,200.0,110,33.98,140.0,70,11.9,190.0,95,8.6,12.0,5.0,3.2,2,1
15,130,510,3100.0,1,0,12,150.0,80,25.5,160.0,85,13.6,180.0,90,8.1,10.0,4.0,2.7,2,1
22,110,415,2600.0,0,0,0,160.0,90,27.2,190.0,95,16.1,200.0,105,9.0,9.0,3.0,2.4,1,1
27,140,408,2200.0,0,0,20,140.0,80,23.8,160.0,85,13.6,180.0,90,8.1,10.0,4.0,2.7,2,1
3,95,415,1900.0,0,0,0,120.0,70,20.4,150.0,80,12.8,170.0,90,7.7,8.0,2.0,2.2,3,0
38,210,415,4100.0,0,1,28,210.0,120,35.6,140.0,70,11.9,190.0,95,8.6,12.0,5.0,3.2,4,1
9,80,408,1400.0,0,0,0,130.0,70,22.1,140.0,70,11.9,160.0,80,7.2,9.0,3.0,2.4,5,0
23,150,415,3300.0,0,1,22,170.0,90,28.9,190.0,95,16.1,200.0,105,9.0,9.0,3.0,2.4,0,0
11,100,510,2700.0,0,0,0,140.0,80,23.8,160.0,85,13.6,180.0,90,8.1,10.0,4.0,2.7,0,0
29,170,415,3800.0,0,1,30,190.0,110,32.3,140.0,70,11.9,190.0,95,8.6,12.0,5.0,3.2,3,0
4,60,408,1600.0,0,0,0,120.0,70,20.4,150.0,80,12.8,170.0,90,7.7,8.0,2.0,2.2,2,0
47,190,415,4000.0,0,1,35,200.0,110,33.98,140.0,70,11.9,190.0,95,8.6,12.0,5.0,3.2,3,1
6,90,510,2100.0,0,0,0,130.0,70,22.1,140.0,70,11.9,160.0,80,7.2,9.0,3.0,2.4,3,0
34,140,415,2900.0,0,0,0,180.0,95,30.5,150.0,80,12.8,170.0,90,7.7,8.0,2.0,2.2,1,0
20,120,408,2500.0,0,1,18,160.0,90,27.2,190.0,95,16.1,200.0,105,9.0,9.0,3.0,2.4,0,0
13,110,415,2800.0,0,1,25,170.0,90,28.9,190.0,95,16.1,200.0,105,9.0,9.0,3.0,2.4,1,0
12,80,415,2000.0,0,0,0,200.0,120,34.0,150.0,80,12.75,180.0,90,8.1,5.0,2.0,1.35,1,0
30,120,415,3500.0,0,1,20,250.0,140,42.5,200.0,100,17.0,220.0,110,9.9,8.0,3.0,2.16,2,1
45,200,415,4000.0,1,0,0,180.0,110,30.6,170.0,85,14.45,190.0,95,8.55,12.0,5.0,3.24,3,0
5,50,408,1500.0,0,0,0,120.0,70,20.4,100.0,50,8.5,120.0,60,5.4,4.0,2.0,1.08,1,1
22,90,415,2500.0,0,0,0,220.0,140,37.4,140.0,70,11.9,160.0,80,7.2,6.0,3.0,1.62,4,1
18,110,408,3000.0,1,0,0,160.0,90,27.2,130.0,65,11.05,140.0,70,6.3,7.0,3.0,1.89,0,1
20,80,415,1800.0,0,0,0,150.0,90,25.5,130.0,65,11.05,140.0,70,6.3,7.0,3.0,1.89,1,0
40,150,510,3500.0,0,1,30,260.0,150,44.2,190.0,95,16.15,210.0,105,9.45,9.0,4.0,2.43,5,1
35,120,510,2800.0,1,0,0,190.0,110,32.3,160.0,80,13.6,170.0,85,7.65,8.0,3.0,2.16,3,0
10,60,415,1200.0,0,0,0,100.0,60,17.0,90.0,45,7.65,110.0,55,4.95,3.0,1.0,0.81,1,1
23,140,415,2600.0,0,1,15,210.0,120,35.7,150.0,75,12.75,190.0,95,8.55,10.0,4.0,2.7,4,0
48,200,415,4000.0,1,0,0,170.0,100,28.9,140.0,70,11.9,160.0,80,7.2,6.0,3.0,1.62,0,1
15,80,408,2000.0,0,0,0,130.0,70,22.1,120.0,60,10.2,140.0,70,6.3,5.0,2.0,1.35,2,0
27,110,408,2500.0,0,1,28,240.0,140,40.8,170.0,85,14.45,190.0,95,8.55,8.0,3.0,2.16,5,1
20,90,510,1800.0,0,0,0,150.0,90,25.5,130.0,65,11.05,140.0,70,6.3,7.0,3.0,1.89,1,0
32,140,510,3000.0,0,0,0,200.0,120,34.0,160.0,80,13.6,170.0,85,7.65,8.0,3.0,2.16,3,1
8,50,415,1000.0,0,0,0,110.0,60,18.7,90.0,45,7.65,110.0,55,4.95,4.0,2.0,1.08,0,0
38,170,415,3500.0,0,1,22,250.0,140,42.5,190.0,95,16.15,210.0,105,9.45,9.0,4.0,2.43,6,1
12,60,408,1200.0,1,0,0,90.0,50,15.3,80.0,40,6.8,100.0,50,4.5,3.0,1.0,0.81,0,0
25,100,510,2000.0,0,0,0,140.0,80,23.8,110.0,55,9.35,130.0,65,5.85,5.0,2.0,1.35,2,0
30,130,415,2600.0,0,0,18,220.0,140,37.4,150.0,75,12.75,190.0,95,8.55,10.0,4.0,2.7,4,1
45,190,415,3800.0,1,0,0,180.0,100,30.6,140.0,70,11.9,160.0,80,7.2,6.0,3.0,1.62,1,0
6,40,408,800.0,0,0,0,80.0,45,13.6,70.0,35,5.95,90.0,45,4.05,2.0,1.0,0.54,1,0
22,110,510,2500.0,0,1,27,230.0,130,39.1,140.0,70,11.9,170.0,85,7.65,8.0,4.0,2.16,5,1
18,70,415,1500.0,0,0,0,120.0,70,20.4,100.0,50,8.5,120.0,60,5.4,4.0,2.0,1.08,0,0
18,110,415,3000.0,0,0,0,180.0,95,30.56,210.0,100,17.79,210.0,100,9.45,5.0,2.0,1.35,1,0
30,150,408,4000.0,0,1,15,250.0,110,42.45,190.0,90,16.11,240.0,95,10.8,8.0,3.0,2.16,2,1
22,80,510,2000.0,0,0,0,140.0,70,23.77,160.0,80,13.58,170.0,85,7.65,6.0,1.0,1.62,0,0
45,200,415,4500.0,1,0,20,300.0,120,50.94,220.0,110,18.68,260.0,105,11.7,12.0,5.0,3.24,3,1
10,60,408,1500.0,0,0,0,120.0,80,20.38,140.0,70,11.88,150.0,75,6.75,4.0,0.0,1.08,1,0
25,140,510,3500.0,0,1,10,260.0,115,44.07,210.0,95,17.83,250.0,90,11.25,9.0,4.0,2.43,4,1
5,30,415,1000.0,0,0,0,110.0,60,18.68,120.0,55,10.19,130.0,65,5.85,3.0,0.0,0.81,0,0
35,190,415,4700.0,0,0,5,280.0,125,47.54,230.0,105,19.53,270.0,100,12.15,11.0,5.0,2.97,5,1
12,70,510,1800.0,0,0,0,130.0,75,22.07,150.0,65,12.71,160.0,80,7.2,5.0,1.0,1.35,2,0
28,160,415,4200.0,1,1,30,310.0,130,52.63,240.0,115,20.38,280.0,110,12.6,13.0,7.0,3.51,6,1
18,90,408,2500.0,0,0,0,150.0,85,25.47,170.0,75,14.43,190.0,90,8.55,7.0,2.0,1.89,3,0
40,210,415,4800.0,0,0,25,320.0,140,54.34,250.0,120,21.22,300.0,115,13.5,14.0,8.0,3.78,7,1
7,35,510,1100.0,0,0,0,110.0,55,18.68,120.0,55,10.19,130.0,65,5.85,3.0,0.0,0.81,0,0
32,170,415,4700.0,0,1,12,290.0,120,49.24,220.0,110,18.68,260.0,105,11.7,12.0,5.0,3.24,8,1
15,70,408,1700.0,0,0,0,120.0,70,20.38,140.0,60,11.88,160.0,80,7.2,5.0,1.0,1.35,1,0
38,190,415,4900.0,0,0,35,330.0,140,56.01,260.0,130,22.07,310.0,120,13.95,15.0,9.0,4.05,9,1
20,110,510,2100.0,0,0,0,140.0,80,23.77,160.0,70,13.58,170.0,85,7.65,6.0,1.0,1.62,2,0
27,150,415,4400.0,0,1,18,310.0,125,52.63,240.0,115,20.38,280.0,110,12.6,13.0,6.0,3.51,3,1
9,50,408,1400.0,0,0,0,110.0,60,18.68,120.0,55,10.19,130.0,65,5.85,3.0,0.0,0.81,0,0
23,170,415,4700.0,0,0,22,300.0,120,50.94,230.0,110,19.53,260.0,105,11.7,12.0,5.0,3.24,4,1
14,60,510,1600.0,0,0,0,120.0,70,20.38,140.0,60,11.88,160.0,80,7.2,5.0,1.0,1.35,1,0
36,200,415,5000.0,0,0,40,320.0,150,54.34,260.0,130,22.07,320.0,120,14.4,16.0,10.0,4.32,5,1
6,35,408,1100.0,0,0,0,110.0,55,18.68,120.0,55,10.19,130.0,65,5.85,3.0,0.0,0.81,0,0
41,220,415,5200.0,0,0,30,330.0,160,56.01,270.0,140,22.92,330.0,125,14.85,18.0,11.0,4.86,6,1
11,55,510,1300.0,0,0,0,130.0,70,22.07,150.0,65,12.71,160.0,80,7.2,5.0,1.0,1.35,2,1
